node_id,datetime,depth_ft,depth_m,flow_cfs,flow_cms,flooding_cfs,flooding_cms,head_ft,status
1,2026-06-16 15:00:00,0.076,0.023,0.061,0.0017,0.0,0.0,3.076,NORMAL
1,2026-06-16 15:15:00,0.206,0.063,0.165,0.0047,0.0,0.0,3.206,NORMAL
1,2026-06-16 15:30:00,0.505,0.154,0.404,0.0114,0.0,0.0,3.505,NORMAL
1,2026-06-16 15:45:00,1.123,0.342,0.898,0.0254,0.0,0.0,4.123,NORMAL
1,2026-06-16 16:00:00,2.263,0.69,1.81,0.0513,0.0,0.0,5.263,NORMAL
1,2026-06-16 16:15:00,4.139,1.262,3.311,0.0938,0.0,0.0,7.139,NORMAL
1,2026-06-16 16:30:00,6.864,2.092,5.491,0.1555,0.0,0.0,9.864,NORMAL
1,2026-06-16 16:45:00,10.324,3.147,8.259,0.2339,0.0,0.0,13.324,NORMAL
1,2026-06-16 17:00:00,14.084,4.293,11.267,0.319,0.0,0.0,17.084,NORMAL
1,2026-06-16 17:15:00,17.425,5.311,13.94,0.3947,0.0,0.0,20.425,HIGH
1,2026-06-16 17:30:00,19.553,5.96,15.642,0.4429,0.0,0.0,22.553,HIGH
1,2026-06-16 17:45:00,19.9,6.066,15.92,0.4508,0.0,0.0,22.9,HIGH
1,2026-06-16 18:00:00,18.369,5.599,14.695,0.4161,0.0,0.0,21.369,HIGH
1,2026-06-16 18:15:00,15.378,4.687,12.302,0.3484,0.0,0.0,18.378,NORMAL
1,2026-06-16 18:30:00,11.676,3.559,9.341,0.2645,0.0,0.0,14.676,NORMAL
1,2026-06-16 18:45:00,8.04,2.451,6.432,0.1821,0.0,0.0,11.04,NORMAL
1,2026-06-16 19:00:00,5.022,1.531,4.018,0.1138,0.0,0.0,8.022,NORMAL
1,2026-06-16 19:15:00,2.845,0.867,2.276,0.0644,0.0,0.0,5.845,NORMAL
1,2026-06-16 19:30:00,1.461,0.445,1.169,0.0331,0.0,0.0,4.461,NORMAL
1,2026-06-16 19:45:00,0.681,0.208,0.545,0.0154,0.0,0.0,3.681,NORMAL
1,2026-06-16 20:00:00,0.288,0.088,0.23,0.0065,0.0,0.0,3.288,NORMAL
1,2026-06-16 20:15:00,0.11,0.034,0.088,0.0025,0.0,0.0,3.11,NORMAL
1,2026-06-16 20:30:00,0.038,0.012,0.03,0.0008,0.0,0.0,3.038,NORMAL
1,2026-06-16 20:45:00,0.012,0.004,0.01,0.0003,0.0,0.0,3.012,NORMAL
1,2026-06-16 21:00:00,0.003,0.001,0.002,0.0001,0.0,0.0,3.003,NORMAL
508,2026-06-16 15:00:00,0.011,0.003,0.009,0.0003,0.0,0.0,117.531,NORMAL
508,2026-06-16 15:15:00,0.031,0.009,0.025,0.0007,0.0,0.0,117.551,NORMAL
508,2026-06-16 15:30:00,0.076,0.023,0.061,0.0017,0.0,0.0,117.596,NORMAL
508,2026-06-16 15:45:00,0.168,0.051,0.134,0.0038,0.0,0.0,117.688,NORMAL
508,2026-06-16 16:00:00,0.34,0.104,0.272,0.0077,0.0,0.0,117.86,NORMAL
508,2026-06-16 16:15:00,0.621,0.189,0.497,0.0141,0.0,0.0,118.141,NORMAL
508,2026-06-16 16:30:00,1.03,0.314,0.824,0.0233,0.0,0.0,118.55,NORMAL
508,2026-06-16 16:45:00,1.549,0.472,1.239,0.0351,0.0,0.0,119.069,NORMAL
508,2026-06-16 17:00:00,2.113,0.644,1.69,0.0479,0.0,0.0,119.633,NORMAL
508,2026-06-16 17:15:00,2.614,0.797,2.091,0.0592,0.0,0.0,120.134,NORMAL
508,2026-06-16 17:30:00,2.933,0.894,2.346,0.0664,0.0,0.0,120.453,NORMAL
508,2026-06-16 17:45:00,2.985,0.91,2.388,0.0676,0.0,0.0,120.505,NORMAL
508,2026-06-16 18:00:00,2.755,0.84,2.204,0.0624,0.0,0.0,120.275,NORMAL
508,2026-06-16 18:15:00,2.307,0.703,1.846,0.0523,0.0,0.0,119.827,NORMAL
508,2026-06-16 18:30:00,1.751,0.534,1.401,0.0397,0.0,0.0,119.271,NORMAL
508,2026-06-16 18:45:00,1.206,0.368,0.965,0.0273,0.0,0.0,118.726,NORMAL
508,2026-06-16 19:00:00,0.753,0.23,0.602,0.017,0.0,0.0,118.273,NORMAL
508,2026-06-16 19:15:00,0.427,0.13,0.342,0.0097,0.0,0.0,117.947,NORMAL
508,2026-06-16 19:30:00,0.219,0.067,0.175,0.005,0.0,0.0,117.739,NORMAL
508,2026-06-16 19:45:00,0.102,0.031,0.082,0.0023,0.0,0.0,117.622,NORMAL
508,2026-06-16 20:00:00,0.043,0.013,0.034,0.001,0.0,0.0,117.563,NORMAL
508,2026-06-16 20:15:00,0.017,0.005,0.014,0.0004,0.0,0.0,117.537,NORMAL
508,2026-06-16 20:30:00,0.006,0.002,0.005,0.0001,0.0,0.0,117.526,NORMAL
508,2026-06-16 20:45:00,0.002,0.001,0.002,0.0001,0.0,0.0,117.522,NORMAL
508,2026-06-16 21:00:00,0.001,0.0,0.001,0.0,0.0,0.0,117.521,NORMAL
804,2026-06-16 15:00:00,0.088,0.027,0.07,0.002,0.0,0.0,7.568,NORMAL
804,2026-06-16 15:15:00,0.237,0.072,0.19,0.0054,0.0,0.0,7.717,NORMAL
804,2026-06-16 15:30:00,0.581,0.177,0.465,0.0132,0.0,0.0,8.061,NORMAL
804,2026-06-16 15:45:00,1.291,0.393,1.033,0.0293,0.0,0.0,8.771,NORMAL
804,2026-06-16 16:00:00,2.603,0.793,2.082,0.059,0.0,0.0,10.083,NORMAL
804,2026-06-16 16:15:00,4.76,1.451,3.808,0.1078,0.0,0.0,12.24,NORMAL
804,2026-06-16 16:30:00,7.894,2.406,6.315,0.1788,0.0,0.0,15.374,NORMAL
804,2026-06-16 16:45:00,11.873,3.619,9.498,0.269,0.0,0.0,19.353,NORMAL
804,2026-06-16 17:00:00,16.196,4.937,12.957,0.3669,0.0,0.0,23.676,HIGH
804,2026-06-16 17:15:00,20.039,6.108,16.031,0.4539,0.117,0.0033,27.519,FLOODING
804,2026-06-16 17:30:00,22.487,6.854,17.99,0.5094,7.461,0.2113,29.967,FLOODING
804,2026-06-16 17:45:00,22.885,6.975,18.308,0.5184,8.655,0.2451,30.365,FLOODING
804,2026-06-16 18:00:00,21.124,6.439,16.899,0.4785,3.372,0.0955,28.604,FLOODING
804,2026-06-16 18:15:00,17.684,5.39,14.147,0.4006,0.0,0.0,25.164,HIGH
804,2026-06-16 18:30:00,13.427,4.093,10.742,0.3042,0.0,0.0,20.907,NORMAL
804,2026-06-16 18:45:00,9.246,2.818,7.397,0.2095,0.0,0.0,16.726,NORMAL
804,2026-06-16 19:00:00,5.775,1.76,4.62,0.1308,0.0,0.0,13.255,NORMAL
804,2026-06-16 19:15:00,3.271,0.997,2.617,0.0741,0.0,0.0,10.751,NORMAL
804,2026-06-16 19:30:00,1.681,0.512,1.345,0.0381,0.0,0.0,9.161,NORMAL
804,2026-06-16 19:45:00,0.783,0.239,0.626,0.0177,0.0,0.0,8.263,NORMAL
804,2026-06-16 20:00:00,0.331,0.101,0.265,0.0075,0.0,0.0,7.811,NORMAL
804,2026-06-16 20:15:00,0.127,0.039,0.102,0.0029,0.0,0.0,7.607,NORMAL
804,2026-06-16 20:30:00,0.044,0.013,0.035,0.001,0.0,0.0,7.524,NORMAL
804,2026-06-16 20:45:00,0.014,0.004,0.011,0.0003,0.0,0.0,7.494,NORMAL
804,2026-06-16 21:00:00,0.004,0.001,0.003,0.0001,0.0,0.0,7.484,NORMAL
805,2026-06-16 15:00:00,0.095,0.029,0.076,0.0022,0.0,0.0,5.335,NORMAL
805,2026-06-16 15:15:00,0.258,0.079,0.206,0.0058,0.0,0.0,5.498,NORMAL
805,2026-06-16 15:30:00,0.631,0.192,0.505,0.0143,0.0,0.0,5.871,NORMAL
805,2026-06-16 15:45:00,1.403,0.428,1.122,0.0318,0.0,0.0,6.643,NORMAL
805,2026-06-16 16:00:00,2.829,0.862,2.263,0.0641,0.0,0.0,8.069,NORMAL
805,2026-06-16 16:15:00,5.174,1.577,4.139,0.1172,0.0,0.0,10.414,NORMAL
805,2026-06-16 16:30:00,8.58,2.615,6.864,0.1944,0.0,0.0,13.82,NORMAL
805,2026-06-16 16:45:00,12.905,3.933,10.324,0.2923,0.0,0.0,18.145,NORMAL
805,2026-06-16 17:00:00,17.605,5.366,14.084,0.3988,0.0,0.0,22.845,HIGH
805,2026-06-16 17:15:00,21.782,6.639,17.426,0.4934,5.346,0.1514,27.022,FLOODING
805,2026-06-16 17:30:00,24.442,7.45,19.554,0.5537,13.326,0.3773,29.682,FLOODING
805,2026-06-16 17:45:00,24.875,7.582,19.9,0.5635,14.625,0.4141,30.115,FLOODING
805,2026-06-16 18:00:00,22.961,6.999,18.369,0.5202,8.883,0.2515,28.201,FLOODING
805,2026-06-16 18:15:00,19.222,5.859,15.378,0.4355,0.0,0.0,24.462,HIGH
805,2026-06-16 18:30:00,14.595,4.449,11.676,0.3306,0.0,0.0,19.835,NORMAL
805,2026-06-16 18:45:00,10.051,3.064,8.041,0.2277,0.0,0.0,15.291,NORMAL
805,2026-06-16 19:00:00,6.277,1.913,5.022,0.1422,0.0,0.0,11.517,NORMAL
805,2026-06-16 19:15:00,3.556,1.084,2.845,0.0806,0.0,0.0,8.796,NORMAL
805,2026-06-16 19:30:00,1.827,0.557,1.462,0.0414,0.0,0.0,7.067,NORMAL
805,2026-06-16 19:45:00,0.851,0.259,0.681,0.0193,0.0,0.0,6.091,NORMAL
805,2026-06-16 20:00:00,0.36,0.11,0.288,0.0082,0.0,0.0,5.6,NORMAL
805,2026-06-16 20:15:00,0.138,0.042,0.11,0.0031,0.0,0.0,5.378,NORMAL
805,2026-06-16 20:30:00,0.048,0.015,0.038,0.0011,0.0,0.0,5.288,NORMAL
805,2026-06-16 20:45:00,0.015,0.005,0.012,0.0003,0.0,0.0,5.255,NORMAL
805,2026-06-16 21:00:00,0.004,0.001,0.003,0.0001,0.0,0.0,5.244,NORMAL
806,2026-06-16 15:00:00,0.031,0.009,0.025,0.0007,0.0,0.0,33.141,NORMAL
806,2026-06-16 15:15:00,0.082,0.025,0.066,0.0019,0.0,0.0,33.192,NORMAL
806,2026-06-16 15:30:00,0.202,0.062,0.162,0.0046,0.0,0.0,33.312,NORMAL
806,2026-06-16 15:45:00,0.449,0.137,0.359,0.0102,0.0,0.0,33.559,NORMAL
806,2026-06-16 16:00:00,0.905,0.276,0.724,0.0205,0.0,0.0,34.015,NORMAL
806,2026-06-16 16:15:00,1.656,0.505,1.325,0.0375,0.0,0.0,34.766,NORMAL
806,2026-06-16 16:30:00,2.746,0.837,2.197,0.0622,0.0,0.0,35.856,NORMAL
806,2026-06-16 16:45:00,4.13,1.259,3.304,0.0936,0.0,0.0,37.24,NORMAL
806,2026-06-16 17:00:00,5.634,1.717,4.507,0.1276,0.0,0.0,38.744,NORMAL
806,2026-06-16 17:15:00,6.97,2.124,5.576,0.1579,0.0,0.0,40.08,NORMAL
806,2026-06-16 17:30:00,7.821,2.384,6.257,0.1772,0.0,0.0,40.931,NORMAL
806,2026-06-16 17:45:00,7.96,2.426,6.368,0.1803,0.0,0.0,41.07,NORMAL
806,2026-06-16 18:00:00,7.348,2.24,5.878,0.1664,0.0,0.0,40.458,NORMAL
806,2026-06-16 18:15:00,6.151,1.875,4.921,0.1393,0.0,0.0,39.261,NORMAL
806,2026-06-16 18:30:00,4.67,1.423,3.736,0.1058,0.0,0.0,37.78,NORMAL
806,2026-06-16 18:45:00,3.216,0.98,2.573,0.0729,0.0,0.0,36.326,NORMAL
806,2026-06-16 19:00:00,2.009,0.612,1.607,0.0455,0.0,0.0,35.119,NORMAL
806,2026-06-16 19:15:00,1.138,0.347,0.91,0.0258,0.0,0.0,34.248,NORMAL
806,2026-06-16 19:30:00,0.585,0.178,0.468,0.0133,0.0,0.0,33.695,NORMAL
806,2026-06-16 19:45:00,0.272,0.083,0.218,0.0062,0.0,0.0,33.382,NORMAL
806,2026-06-16 20:00:00,0.115,0.035,0.092,0.0026,0.0,0.0,33.225,NORMAL
806,2026-06-16 20:15:00,0.044,0.013,0.035,0.001,0.0,0.0,33.154,NORMAL
806,2026-06-16 20:30:00,0.015,0.005,0.012,0.0003,0.0,0.0,33.125,NORMAL
806,2026-06-16 20:45:00,0.005,0.002,0.004,0.0001,0.0,0.0,33.115,NORMAL
806,2026-06-16 21:00:00,0.001,0.0,0.001,0.0,0.0,0.0,33.111,NORMAL
807,2026-06-16 15:00:00,0.057,0.017,0.046,0.0013,0.0,0.0,19.967,NORMAL
807,2026-06-16 15:15:00,0.155,0.047,0.124,0.0035,0.0,0.0,20.065,NORMAL
807,2026-06-16 15:30:00,0.379,0.116,0.303,0.0086,0.0,0.0,20.289,NORMAL
807,2026-06-16 15:45:00,0.842,0.257,0.674,0.0191,0.0,0.0,20.752,NORMAL
807,2026-06-16 16:00:00,1.698,0.518,1.358,0.0385,0.0,0.0,21.608,NORMAL
807,2026-06-16 16:15:00,3.104,0.946,2.483,0.0703,0.0,0.0,23.014,NORMAL
807,2026-06-16 16:30:00,5.148,1.569,4.118,0.1166,0.0,0.0,25.058,NORMAL
807,2026-06-16 16:45:00,7.743,2.36,6.194,0.1754,0.0,0.0,27.653,NORMAL
807,2026-06-16 17:00:00,10.563,3.22,8.45,0.2393,0.0,0.0,30.473,NORMAL
807,2026-06-16 17:15:00,13.069,3.983,10.455,0.2961,0.0,0.0,32.979,NORMAL
807,2026-06-16 17:30:00,14.665,4.47,11.732,0.3322,0.0,0.0,34.575,NORMAL
807,2026-06-16 17:45:00,14.925,4.549,11.94,0.3381,0.0,0.0,34.835,NORMAL
807,2026-06-16 18:00:00,13.777,4.199,11.022,0.3121,0.0,0.0,33.687,NORMAL
807,2026-06-16 18:15:00,11.533,3.515,9.226,0.2613,0.0,0.0,31.443,NORMAL
807,2026-06-16 18:30:00,8.757,2.669,7.006,0.1984,0.0,0.0,28.667,NORMAL
807,2026-06-16 18:45:00,6.03,1.838,4.824,0.1366,0.0,0.0,25.94,NORMAL
807,2026-06-16 19:00:00,3.766,1.148,3.013,0.0853,0.0,0.0,23.676,NORMAL
807,2026-06-16 19:15:00,2.133,0.65,1.706,0.0483,0.0,0.0,22.043,NORMAL
807,2026-06-16 19:30:00,1.096,0.334,0.877,0.0248,0.0,0.0,21.006,NORMAL
807,2026-06-16 19:45:00,0.511,0.156,0.409,0.0116,0.0,0.0,20.421,NORMAL
807,2026-06-16 20:00:00,0.216,0.066,0.173,0.0049,0.0,0.0,20.126,NORMAL
807,2026-06-16 20:15:00,0.083,0.025,0.066,0.0019,0.0,0.0,19.993,NORMAL
807,2026-06-16 20:30:00,0.029,0.009,0.023,0.0007,0.0,0.0,19.939,NORMAL
807,2026-06-16 20:45:00,0.009,0.003,0.007,0.0002,0.0,0.0,19.919,NORMAL
807,2026-06-16 21:00:00,0.003,0.001,0.002,0.0001,0.0,0.0,19.913,NORMAL
808,2026-06-16 15:00:00,0.008,0.002,0.006,0.0002,0.0,0.0,150.538,NORMAL
808,2026-06-16 15:15:00,0.021,0.006,0.017,0.0005,0.0,0.0,150.551,NORMAL
808,2026-06-16 15:30:00,0.051,0.016,0.041,0.0012,0.0,0.0,150.581,NORMAL
808,2026-06-16 15:45:00,0.112,0.034,0.09,0.0025,0.0,0.0,150.642,NORMAL
808,2026-06-16 16:00:00,0.226,0.069,0.181,0.0051,0.0,0.0,150.756,NORMAL
808,2026-06-16 16:15:00,0.414,0.126,0.331,0.0094,0.0,0.0,150.944,NORMAL
808,2026-06-16 16:30:00,0.686,0.209,0.549,0.0155,0.0,0.0,151.216,NORMAL
808,2026-06-16 16:45:00,1.032,0.315,0.826,0.0234,0.0,0.0,151.562,NORMAL
808,2026-06-16 17:00:00,1.408,0.429,1.126,0.0319,0.0,0.0,151.938,NORMAL
808,2026-06-16 17:15:00,1.743,0.531,1.394,0.0395,0.0,0.0,152.273,NORMAL
808,2026-06-16 17:30:00,1.955,0.596,1.564,0.0443,0.0,0.0,152.485,NORMAL
808,2026-06-16 17:45:00,1.99,0.607,1.592,0.0451,0.0,0.0,152.52,NORMAL
808,2026-06-16 18:00:00,1.837,0.56,1.47,0.0416,0.0,0.0,152.367,NORMAL
808,2026-06-16 18:15:00,1.538,0.469,1.23,0.0348,0.0,0.0,152.068,NORMAL
808,2026-06-16 18:30:00,1.168,0.356,0.934,0.0264,0.0,0.0,151.698,NORMAL
808,2026-06-16 18:45:00,0.804,0.245,0.643,0.0182,0.0,0.0,151.334,NORMAL
808,2026-06-16 19:00:00,0.502,0.153,0.402,0.0114,0.0,0.0,151.032,NORMAL
808,2026-06-16 19:15:00,0.284,0.087,0.227,0.0064,0.0,0.0,150.814,NORMAL
808,2026-06-16 19:30:00,0.146,0.045,0.117,0.0033,0.0,0.0,150.676,NORMAL
808,2026-06-16 19:45:00,0.068,0.021,0.054,0.0015,0.0,0.0,150.598,NORMAL
808,2026-06-16 20:00:00,0.029,0.009,0.023,0.0007,0.0,0.0,150.559,NORMAL
808,2026-06-16 20:15:00,0.011,0.003,0.009,0.0003,0.0,0.0,150.541,NORMAL
808,2026-06-16 20:30:00,0.004,0.001,0.003,0.0001,0.0,0.0,150.534,NORMAL
808,2026-06-16 20:45:00,0.001,0.0,0.001,0.0,0.0,0.0,150.531,NORMAL
808,2026-06-16 21:00:00,0.0,0.0,0.0,0.0,0.0,0.0,150.53,NORMAL
809,2026-06-16 15:00:00,0.008,0.002,0.006,0.0002,0.0,0.0,141.888,NORMAL
809,2026-06-16 15:15:00,0.021,0.006,0.017,0.0005,0.0,0.0,141.901,NORMAL
809,2026-06-16 15:30:00,0.051,0.016,0.041,0.0012,0.0,0.0,141.931,NORMAL
809,2026-06-16 15:45:00,0.112,0.034,0.09,0.0025,0.0,0.0,141.992,NORMAL
809,2026-06-16 16:00:00,0.226,0.069,0.181,0.0051,0.0,0.0,142.106,NORMAL
809,2026-06-16 16:15:00,0.414,0.126,0.331,0.0094,0.0,0.0,142.294,NORMAL
809,2026-06-16 16:30:00,0.686,0.209,0.549,0.0155,0.0,0.0,142.566,NORMAL
809,2026-06-16 16:45:00,1.032,0.315,0.826,0.0234,0.0,0.0,142.912,NORMAL
809,2026-06-16 17:00:00,1.408,0.429,1.126,0.0319,0.0,0.0,143.288,NORMAL
809,2026-06-16 17:15:00,1.743,0.531,1.394,0.0395,0.0,0.0,143.623,NORMAL
809,2026-06-16 17:30:00,1.955,0.596,1.564,0.0443,0.0,0.0,143.835,NORMAL
809,2026-06-16 17:45:00,1.99,0.607,1.592,0.0451,0.0,0.0,143.87,NORMAL
809,2026-06-16 18:00:00,1.837,0.56,1.47,0.0416,0.0,0.0,143.717,NORMAL
809,2026-06-16 18:15:00,1.538,0.469,1.23,0.0348,0.0,0.0,143.418,NORMAL
809,2026-06-16 18:30:00,1.168,0.356,0.934,0.0264,0.0,0.0,143.048,NORMAL
809,2026-06-16 18:45:00,0.804,0.245,0.643,0.0182,0.0,0.0,142.684,NORMAL
809,2026-06-16 19:00:00,0.502,0.153,0.402,0.0114,0.0,0.0,142.382,NORMAL
809,2026-06-16 19:15:00,0.284,0.087,0.227,0.0064,0.0,0.0,142.164,NORMAL
809,2026-06-16 19:30:00,0.146,0.045,0.117,0.0033,0.0,0.0,142.026,NORMAL
809,2026-06-16 19:45:00,0.068,0.021,0.054,0.0015,0.0,0.0,141.948,NORMAL
809,2026-06-16 20:00:00,0.029,0.009,0.023,0.0007,0.0,0.0,141.909,NORMAL
809,2026-06-16 20:15:00,0.011,0.003,0.009,0.0003,0.0,0.0,141.891,NORMAL
809,2026-06-16 20:30:00,0.004,0.001,0.003,0.0001,0.0,0.0,141.884,NORMAL
809,2026-06-16 20:45:00,0.001,0.0,0.001,0.0,0.0,0.0,141.881,NORMAL
809,2026-06-16 21:00:00,0.0,0.0,0.0,0.0,0.0,0.0,141.88,NORMAL
810,2026-06-16 15:00:00,0.008,0.002,0.006,0.0002,0.0,0.0,150.438,NORMAL
810,2026-06-16 15:15:00,0.021,0.006,0.017,0.0005,0.0,0.0,150.451,NORMAL
810,2026-06-16 15:30:00,0.051,0.016,0.041,0.0012,0.0,0.0,150.481,NORMAL
810,2026-06-16 15:45:00,0.112,0.034,0.09,0.0025,0.0,0.0,150.542,NORMAL
810,2026-06-16 16:00:00,0.226,0.069,0.181,0.0051,0.0,0.0,150.656,NORMAL
810,2026-06-16 16:15:00,0.414,0.126,0.331,0.0094,0.0,0.0,150.844,NORMAL
810,2026-06-16 16:30:00,0.686,0.209,0.549,0.0155,0.0,0.0,151.116,NORMAL
810,2026-06-16 16:45:00,1.032,0.315,0.826,0.0234,0.0,0.0,151.462,NORMAL
810,2026-06-16 17:00:00,1.408,0.429,1.126,0.0319,0.0,0.0,151.838,NORMAL
810,2026-06-16 17:15:00,1.743,0.531,1.394,0.0395,0.0,0.0,152.173,NORMAL
810,2026-06-16 17:30:00,1.955,0.596,1.564,0.0443,0.0,0.0,152.385,NORMAL
810,2026-06-16 17:45:00,1.99,0.607,1.592,0.0451,0.0,0.0,152.42,NORMAL
810,2026-06-16 18:00:00,1.837,0.56,1.47,0.0416,0.0,0.0,152.267,NORMAL
810,2026-06-16 18:15:00,1.538,0.469,1.23,0.0348,0.0,0.0,151.968,NORMAL
810,2026-06-16 18:30:00,1.168,0.356,0.934,0.0264,0.0,0.0,151.598,NORMAL
810,2026-06-16 18:45:00,0.804,0.245,0.643,0.0182,0.0,0.0,151.234,NORMAL
810,2026-06-16 19:00:00,0.502,0.153,0.402,0.0114,0.0,0.0,150.932,NORMAL
810,2026-06-16 19:15:00,0.284,0.087,0.227,0.0064,0.0,0.0,150.714,NORMAL
810,2026-06-16 19:30:00,0.146,0.045,0.117,0.0033,0.0,0.0,150.576,NORMAL
810,2026-06-16 19:45:00,0.068,0.021,0.054,0.0015,0.0,0.0,150.498,NORMAL
810,2026-06-16 20:00:00,0.029,0.009,0.023,0.0007,0.0,0.0,150.459,NORMAL
810,2026-06-16 20:15:00,0.011,0.003,0.009,0.0003,0.0,0.0,150.441,NORMAL
810,2026-06-16 20:30:00,0.004,0.001,0.003,0.0001,0.0,0.0,150.434,NORMAL
810,2026-06-16 20:45:00,0.001,0.0,0.001,0.0,0.0,0.0,150.431,NORMAL
810,2026-06-16 21:00:00,0.0,0.0,0.0,0.0,0.0,0.0,150.43,NORMAL
811,2026-06-16 15:00:00,0.006,0.002,0.005,0.0001,0.0,0.0,154.276,NORMAL
811,2026-06-16 15:15:00,0.015,0.005,0.012,0.0003,0.0,0.0,154.285,NORMAL
811,2026-06-16 15:30:00,0.038,0.012,0.03,0.0008,0.0,0.0,154.308,NORMAL
811,2026-06-16 15:45:00,0.084,0.026,0.067,0.0019,0.0,0.0,154.354,NORMAL
811,2026-06-16 16:00:00,0.17,0.052,0.136,0.0039,0.0,0.0,154.44,NORMAL
811,2026-06-16 16:15:00,0.31,0.094,0.248,0.007,0.0,0.0,154.58,NORMAL
811,2026-06-16 16:30:00,0.515,0.157,0.412,0.0117,0.0,0.0,154.785,NORMAL
811,2026-06-16 16:45:00,0.774,0.236,0.619,0.0175,0.0,0.0,155.044,NORMAL
811,2026-06-16 17:00:00,1.056,0.322,0.845,0.0239,0.0,0.0,155.326,NORMAL
811,2026-06-16 17:15:00,1.307,0.398,1.046,0.0296,0.0,0.0,155.577,NORMAL
811,2026-06-16 17:30:00,1.467,0.447,1.174,0.0332,0.0,0.0,155.737,NORMAL
811,2026-06-16 17:45:00,1.493,0.455,1.194,0.0338,0.0,0.0,155.763,NORMAL
811,2026-06-16 18:00:00,1.378,0.42,1.102,0.0312,0.0,0.0,155.648,NORMAL
811,2026-06-16 18:15:00,1.153,0.351,0.922,0.0261,0.0,0.0,155.423,NORMAL
811,2026-06-16 18:30:00,0.876,0.267,0.701,0.0199,0.0,0.0,155.146,NORMAL
811,2026-06-16 18:45:00,0.603,0.184,0.482,0.0136,0.0,0.0,154.873,NORMAL
811,2026-06-16 19:00:00,0.377,0.115,0.302,0.0086,0.0,0.0,154.647,NORMAL
811,2026-06-16 19:15:00,0.213,0.065,0.17,0.0048,0.0,0.0,154.483,NORMAL
811,2026-06-16 19:30:00,0.11,0.034,0.088,0.0025,0.0,0.0,154.38,NORMAL
811,2026-06-16 19:45:00,0.051,0.016,0.041,0.0012,0.0,0.0,154.321,NORMAL
811,2026-06-16 20:00:00,0.022,0.007,0.018,0.0005,0.0,0.0,154.292,NORMAL
811,2026-06-16 20:15:00,0.008,0.002,0.006,0.0002,0.0,0.0,154.278,NORMAL
811,2026-06-16 20:30:00,0.003,0.001,0.002,0.0001,0.0,0.0,154.273,NORMAL
811,2026-06-16 20:45:00,0.001,0.0,0.001,0.0,0.0,0.0,154.271,NORMAL
811,2026-06-16 21:00:00,0.0,0.0,0.0,0.0,0.0,0.0,154.27,NORMAL
812,2026-06-16 15:00:00,0.084,0.026,0.067,0.0019,0.0,0.0,5.464,NORMAL
812,2026-06-16 15:15:00,0.227,0.069,0.182,0.0052,0.0,0.0,5.607,NORMAL
812,2026-06-16 15:30:00,0.556,0.169,0.445,0.0126,0.0,0.0,5.936,NORMAL
812,2026-06-16 15:45:00,1.235,0.376,0.988,0.028,0.0,0.0,6.615,NORMAL
812,2026-06-16 16:00:00,2.49,0.759,1.992,0.0564,0.0,0.0,7.87,NORMAL
812,2026-06-16 16:15:00,4.553,1.388,3.642,0.1031,0.0,0.0,9.933,NORMAL
812,2026-06-16 16:30:00,7.55,2.301,6.04,0.171,0.0,0.0,12.93,NORMAL
812,2026-06-16 16:45:00,11.357,3.462,9.086,0.2573,0.0,0.0,16.737,NORMAL
812,2026-06-16 17:00:00,15.492,4.722,12.394,0.351,0.0,0.0,20.872,NORMAL
812,2026-06-16 17:15:00,19.168,5.842,15.334,0.4342,0.0,0.0,24.548,HIGH
812,2026-06-16 17:30:00,21.509,6.556,17.207,0.4872,4.527,0.1282,26.889,FLOODING
812,2026-06-16 17:45:00,21.89,6.672,17.512,0.4959,5.67,0.1606,27.27,FLOODING
812,2026-06-16 18:00:00,20.206,6.159,16.165,0.4577,0.618,0.0175,25.586,FLOODING
812,2026-06-16 18:15:00,16.915,5.156,13.532,0.3832,0.0,0.0,22.295,HIGH
812,2026-06-16 18:30:00,12.844,3.915,10.275,0.291,0.0,0.0,18.224,NORMAL
812,2026-06-16 18:45:00,8.844,2.696,7.075,0.2003,0.0,0.0,14.224,NORMAL
812,2026-06-16 19:00:00,5.524,1.684,4.419,0.1251,0.0,0.0,10.904,NORMAL
812,2026-06-16 19:15:00,3.129,0.954,2.503,0.0709,0.0,0.0,8.509,NORMAL
812,2026-06-16 19:30:00,1.608,0.49,1.286,0.0364,0.0,0.0,6.988,NORMAL
812,2026-06-16 19:45:00,0.749,0.228,0.599,0.017,0.0,0.0,6.129,NORMAL
812,2026-06-16 20:00:00,0.317,0.097,0.254,0.0072,0.0,0.0,5.697,NORMAL
812,2026-06-16 20:15:00,0.121,0.037,0.097,0.0027,0.0,0.0,5.501,NORMAL
812,2026-06-16 20:30:00,0.042,0.013,0.034,0.001,0.0,0.0,5.422,NORMAL
812,2026-06-16 20:45:00,0.013,0.004,0.01,0.0003,0.0,0.0,5.393,NORMAL
812,2026-06-16 21:00:00,0.004,0.001,0.003,0.0001,0.0,0.0,5.384,NORMAL
813,2026-06-16 15:00:00,0.069,0.021,0.055,0.0016,0.0,0.0,8.989,NORMAL
813,2026-06-16 15:15:00,0.185,0.056,0.148,0.0042,0.0,0.0,9.105,NORMAL
813,2026-06-16 15:30:00,0.455,0.139,0.364,0.0103,0.0,0.0,9.375,NORMAL
813,2026-06-16 15:45:00,1.01,0.308,0.808,0.0229,0.0,0.0,9.93,NORMAL
813,2026-06-16 16:00:00,2.037,0.621,1.63,0.0462,0.0,0.0,10.957,NORMAL
813,2026-06-16 16:15:00,3.725,1.135,2.98,0.0844,0.0,0.0,12.645,NORMAL
813,2026-06-16 16:30:00,6.178,1.883,4.942,0.1399,0.0,0.0,15.098,NORMAL
813,2026-06-16 16:45:00,9.292,2.832,7.434,0.2105,0.0,0.0,18.212,NORMAL
813,2026-06-16 17:00:00,12.675,3.863,10.14,0.2871,0.0,0.0,21.595,NORMAL
813,2026-06-16 17:15:00,15.683,4.78,12.546,0.3553,0.0,0.0,24.603,NORMAL
813,2026-06-16 17:30:00,17.598,5.364,14.078,0.3986,0.0,0.0,26.518,HIGH
813,2026-06-16 17:45:00,17.91,5.459,14.328,0.4057,0.0,0.0,26.83,HIGH
813,2026-06-16 18:00:00,16.532,5.039,13.226,0.3745,0.0,0.0,25.452,HIGH
813,2026-06-16 18:15:00,13.84,4.218,11.072,0.3135,0.0,0.0,22.76,NORMAL
813,2026-06-16 18:30:00,10.508,3.203,8.406,0.238,0.0,0.0,19.428,NORMAL
813,2026-06-16 18:45:00,7.236,2.206,5.789,0.1639,0.0,0.0,16.156,NORMAL
813,2026-06-16 19:00:00,4.52,1.378,3.616,0.1024,0.0,0.0,13.44,NORMAL
813,2026-06-16 19:15:00,2.56,0.78,2.048,0.058,0.0,0.0,11.48,NORMAL
813,2026-06-16 19:30:00,1.315,0.401,1.052,0.0298,0.0,0.0,10.235,NORMAL
813,2026-06-16 19:45:00,0.613,0.187,0.49,0.0139,0.0,0.0,9.533,NORMAL
813,2026-06-16 20:00:00,0.259,0.079,0.207,0.0059,0.0,0.0,9.179,NORMAL
813,2026-06-16 20:15:00,0.099,0.03,0.079,0.0022,0.0,0.0,9.019,NORMAL
813,2026-06-16 20:30:00,0.035,0.011,0.028,0.0008,0.0,0.0,8.955,NORMAL
813,2026-06-16 20:45:00,0.011,0.003,0.009,0.0003,0.0,0.0,8.931,NORMAL
813,2026-06-16 21:00:00,0.003,0.001,0.002,0.0001,0.0,0.0,8.923,NORMAL
814,2026-06-16 15:00:00,0.053,0.016,0.042,0.0012,0.0,0.0,19.623,NORMAL
814,2026-06-16 15:15:00,0.144,0.044,0.115,0.0033,0.0,0.0,19.714,NORMAL
814,2026-06-16 15:30:00,0.354,0.108,0.283,0.008,0.0,0.0,19.924,NORMAL
814,2026-06-16 15:45:00,0.786,0.24,0.629,0.0178,0.0,0.0,20.356,NORMAL
814,2026-06-16 16:00:00,1.584,0.483,1.267,0.0359,0.0,0.0,21.154,NORMAL
814,2026-06-16 16:15:00,2.897,0.883,2.318,0.0656,0.0,0.0,22.467,NORMAL
814,2026-06-16 16:30:00,4.805,1.465,3.844,0.1088,0.0,0.0,24.375,NORMAL
814,2026-06-16 16:45:00,7.227,2.203,5.782,0.1637,0.0,0.0,26.797,NORMAL
814,2026-06-16 17:00:00,9.859,3.005,7.887,0.2233,0.0,0.0,29.429,NORMAL
814,2026-06-16 17:15:00,12.198,3.718,9.758,0.2763,0.0,0.0,31.768,NORMAL
814,2026-06-16 17:30:00,13.687,4.172,10.95,0.3101,0.0,0.0,33.257,NORMAL
814,2026-06-16 17:45:00,13.93,4.246,11.144,0.3156,0.0,0.0,33.5,NORMAL
814,2026-06-16 18:00:00,12.858,3.919,10.286,0.2913,0.0,0.0,32.428,NORMAL
814,2026-06-16 18:15:00,10.764,3.281,8.611,0.2438,0.0,0.0,30.334,NORMAL
814,2026-06-16 18:30:00,8.173,2.491,6.538,0.1851,0.0,0.0,27.743,NORMAL
814,2026-06-16 18:45:00,5.628,1.715,4.502,0.1275,0.0,0.0,25.198,NORMAL
814,2026-06-16 19:00:00,3.515,1.071,2.812,0.0796,0.0,0.0,23.085,NORMAL
814,2026-06-16 19:15:00,1.991,0.607,1.593,0.0451,0.0,0.0,21.561,NORMAL
814,2026-06-16 19:30:00,1.023,0.312,0.818,0.0232,0.0,0.0,20.593,NORMAL
814,2026-06-16 19:45:00,0.477,0.145,0.382,0.0108,0.0,0.0,20.047,NORMAL
814,2026-06-16 20:00:00,0.201,0.061,0.161,0.0046,0.0,0.0,19.771,NORMAL
814,2026-06-16 20:15:00,0.077,0.023,0.062,0.0018,0.0,0.0,19.647,NORMAL
814,2026-06-16 20:30:00,0.027,0.008,0.022,0.0006,0.0,0.0,19.597,NORMAL
814,2026-06-16 20:45:00,0.008,0.002,0.006,0.0002,0.0,0.0,19.578,NORMAL
814,2026-06-16 21:00:00,0.002,0.001,0.002,0.0001,0.0,0.0,19.572,NORMAL
815,2026-06-16 15:00:00,0.042,0.013,0.034,0.001,0.0,0.0,21.602,NORMAL
815,2026-06-16 15:15:00,0.113,0.034,0.09,0.0025,0.0,0.0,21.673,NORMAL
815,2026-06-16 15:30:00,0.278,0.085,0.222,0.0063,0.0,0.0,21.838,NORMAL
815,2026-06-16 15:45:00,0.617,0.188,0.494,0.014,0.0,0.0,22.177,NORMAL
815,2026-06-16 16:00:00,1.245,0.379,0.996,0.0282,0.0,0.0,22.805,NORMAL
815,2026-06-16 16:15:00,2.276,0.694,1.821,0.0516,0.0,0.0,23.836,NORMAL
815,2026-06-16 16:30:00,3.775,1.151,3.02,0.0855,0.0,0.0,25.335,NORMAL
815,2026-06-16 16:45:00,5.678,1.731,4.542,0.1286,0.0,0.0,27.238,NORMAL
815,2026-06-16 17:00:00,7.746,2.361,6.197,0.1755,0.0,0.0,29.306,NORMAL
815,2026-06-16 17:15:00,9.584,2.921,7.667,0.2171,0.0,0.0,31.144,NORMAL
815,2026-06-16 17:30:00,10.754,3.278,8.603,0.2436,0.0,0.0,32.314,NORMAL
815,2026-06-16 17:45:00,10.945,3.336,8.756,0.2479,0.0,0.0,32.505,NORMAL
815,2026-06-16 18:00:00,10.103,3.079,8.082,0.2289,0.0,0.0,31.663,NORMAL
815,2026-06-16 18:15:00,8.458,2.578,6.766,0.1916,0.0,0.0,30.018,NORMAL
815,2026-06-16 18:30:00,6.422,1.957,5.138,0.1455,0.0,0.0,27.982,NORMAL
815,2026-06-16 18:45:00,4.422,1.348,3.538,0.1002,0.0,0.0,25.982,NORMAL
815,2026-06-16 19:00:00,2.762,0.842,2.21,0.0626,0.0,0.0,24.322,NORMAL
815,2026-06-16 19:15:00,1.565,0.477,1.252,0.0355,0.0,0.0,23.125,NORMAL
815,2026-06-16 19:30:00,0.804,0.245,0.643,0.0182,0.0,0.0,22.364,NORMAL
815,2026-06-16 19:45:00,0.375,0.114,0.3,0.0085,0.0,0.0,21.935,NORMAL
815,2026-06-16 20:00:00,0.158,0.048,0.126,0.0036,0.0,0.0,21.718,NORMAL
815,2026-06-16 20:15:00,0.061,0.019,0.049,0.0014,0.0,0.0,21.621,NORMAL
815,2026-06-16 20:30:00,0.021,0.006,0.017,0.0005,0.0,0.0,21.581,NORMAL
815,2026-06-16 20:45:00,0.007,0.002,0.006,0.0002,0.0,0.0,21.567,NORMAL
815,2026-06-16 21:00:00,0.002,0.001,0.002,0.0001,0.0,0.0,21.562,NORMAL
816,2026-06-16 15:00:00,0.061,0.019,0.049,0.0014,0.0,0.0,16.821,NORMAL
816,2026-06-16 15:15:00,0.165,0.05,0.132,0.0037,0.0,0.0,16.925,NORMAL
816,2026-06-16 15:30:00,0.404,0.123,0.323,0.0091,0.0,0.0,17.164,NORMAL
816,2026-06-16 15:45:00,0.898,0.274,0.718,0.0203,0.0,0.0,17.658,NORMAL
816,2026-06-16 16:00:00,1.811,0.552,1.449,0.041,0.0,0.0,18.571,NORMAL
816,2026-06-16 16:15:00,3.311,1.009,2.649,0.075,0.0,0.0,20.071,NORMAL
816,2026-06-16 16:30:00,5.491,1.674,4.393,0.1244,0.0,0.0,22.251,NORMAL
816,2026-06-16 16:45:00,8.259,2.517,6.607,0.1871,0.0,0.0,25.019,NORMAL
816,2026-06-16 17:00:00,11.267,3.434,9.014,0.2552,0.0,0.0,28.027,NORMAL
816,2026-06-16 17:15:00,13.94,4.249,11.152,0.3158,0.0,0.0,30.7,NORMAL
816,2026-06-16 17:30:00,15.643,4.768,12.514,0.3544,0.0,0.0,32.403,NORMAL
816,2026-06-16 17:45:00,15.92,4.852,12.736,0.3606,0.0,0.0,32.68,NORMAL
816,2026-06-16 18:00:00,14.695,4.479,11.756,0.3329,0.0,0.0,31.455,NORMAL
816,2026-06-16 18:15:00,12.302,3.75,9.842,0.2787,0.0,0.0,29.062,NORMAL
816,2026-06-16 18:30:00,9.341,2.847,7.473,0.2116,0.0,0.0,26.101,NORMAL
816,2026-06-16 18:45:00,6.432,1.96,5.146,0.1457,0.0,0.0,23.192,NORMAL
816,2026-06-16 19:00:00,4.017,1.224,3.214,0.091,0.0,0.0,20.777,NORMAL
816,2026-06-16 19:15:00,2.276,0.694,1.821,0.0516,0.0,0.0,19.036,NORMAL
816,2026-06-16 19:30:00,1.169,0.356,0.935,0.0265,0.0,0.0,17.929,NORMAL
816,2026-06-16 19:45:00,0.545,0.166,0.436,0.0123,0.0,0.0,17.305,NORMAL
816,2026-06-16 20:00:00,0.23,0.07,0.184,0.0052,0.0,0.0,16.99,NORMAL
816,2026-06-16 20:15:00,0.088,0.027,0.07,0.002,0.0,0.0,16.848,NORMAL
816,2026-06-16 20:30:00,0.031,0.009,0.025,0.0007,0.0,0.0,16.791,NORMAL
816,2026-06-16 20:45:00,0.01,0.003,0.008,0.0002,0.0,0.0,16.77,NORMAL
816,2026-06-16 21:00:00,0.003,0.001,0.002,0.0001,0.0,0.0,16.763,NORMAL
817,2026-06-16 15:00:00,0.065,0.02,0.052,0.0015,0.0,0.0,12.885,NORMAL
817,2026-06-16 15:15:00,0.175,0.053,0.14,0.004,0.0,0.0,12.995,NORMAL
817,2026-06-16 15:30:00,0.429,0.131,0.343,0.0097,0.0,0.0,13.249,NORMAL
817,2026-06-16 15:45:00,0.954,0.291,0.763,0.0216,0.0,0.0,13.774,NORMAL
817,2026-06-16 16:00:00,1.924,0.586,1.539,0.0436,0.0,0.0,14.744,NORMAL
817,2026-06-16 16:15:00,3.518,1.072,2.814,0.0797,0.0,0.0,16.338,NORMAL
817,2026-06-16 16:30:00,5.834,1.778,4.667,0.1322,0.0,0.0,18.654,NORMAL
817,2026-06-16 16:45:00,8.775,2.675,7.02,0.1988,0.0,0.0,21.595,NORMAL
817,2026-06-16 17:00:00,11.971,3.649,9.577,0.2712,0.0,0.0,24.791,NORMAL
817,2026-06-16 17:15:00,14.811,4.514,11.849,0.3355,0.0,0.0,27.631,NORMAL
817,2026-06-16 17:30:00,16.62,5.066,13.296,0.3765,0.0,0.0,29.44,HIGH
817,2026-06-16 17:45:00,16.915,5.156,13.532,0.3832,0.0,0.0,29.735,HIGH
817,2026-06-16 18:00:00,15.613,4.759,12.49,0.3537,0.0,0.0,28.433,NORMAL
817,2026-06-16 18:15:00,13.071,3.984,10.457,0.2961,0.0,0.0,25.891,NORMAL
817,2026-06-16 18:30:00,9.925,3.025,7.94,0.2248,0.0,0.0,22.745,NORMAL
817,2026-06-16 18:45:00,6.834,2.083,5.467,0.1548,0.0,0.0,19.654,NORMAL
817,2026-06-16 19:00:00,4.268,1.301,3.414,0.0967,0.0,0.0,17.088,NORMAL
817,2026-06-16 19:15:00,2.418,0.737,1.934,0.0548,0.0,0.0,15.238,NORMAL
817,2026-06-16 19:30:00,1.242,0.379,0.994,0.0281,0.0,0.0,14.062,NORMAL
817,2026-06-16 19:45:00,0.579,0.176,0.463,0.0131,0.0,0.0,13.399,NORMAL
817,2026-06-16 20:00:00,0.245,0.075,0.196,0.0056,0.0,0.0,13.065,NORMAL
817,2026-06-16 20:15:00,0.094,0.029,0.075,0.0021,0.0,0.0,12.914,NORMAL
817,2026-06-16 20:30:00,0.033,0.01,0.026,0.0007,0.0,0.0,12.853,NORMAL
817,2026-06-16 20:45:00,0.01,0.003,0.008,0.0002,0.0,0.0,12.83,NORMAL
817,2026-06-16 21:00:00,0.003,0.001,0.002,0.0001,0.0,0.0,12.823,NORMAL
819,2026-06-16 15:00:00,0.072,0.022,0.058,0.0016,0.0,0.0,8.912,NORMAL
819,2026-06-16 15:15:00,0.196,0.06,0.157,0.0044,0.0,0.0,9.036,NORMAL
819,2026-06-16 15:30:00,0.48,0.146,0.384,0.0109,0.0,0.0,9.32,NORMAL
819,2026-06-16 15:45:00,1.067,0.325,0.854,0.0242,0.0,0.0,9.907,NORMAL
819,2026-06-16 16:00:00,2.15,0.655,1.72,0.0487,0.0,0.0,10.99,NORMAL
819,2026-06-16 16:15:00,3.932,1.198,3.146,0.0891,0.0,0.0,12.772,NORMAL
819,2026-06-16 16:30:00,6.521,1.988,5.217,0.1477,0.0,0.0,15.361,NORMAL
819,2026-06-16 16:45:00,9.808,2.989,7.846,0.2222,0.0,0.0,18.648,NORMAL
819,2026-06-16 17:00:00,13.38,4.078,10.704,0.3031,0.0,0.0,22.22,NORMAL
819,2026-06-16 17:15:00,16.554,5.046,13.243,0.375,0.0,0.0,25.394,HIGH
819,2026-06-16 17:30:00,18.576,5.662,14.861,0.4208,0.0,0.0,27.416,HIGH
819,2026-06-16 17:45:00,18.905,5.762,15.124,0.4283,0.0,0.0,27.745,HIGH
819,2026-06-16 18:00:00,17.45,5.319,13.96,0.3953,0.0,0.0,26.29,HIGH
819,2026-06-16 18:15:00,14.609,4.453,11.687,0.3309,0.0,0.0,23.449,NORMAL
819,2026-06-16 18:30:00,11.092,3.381,8.874,0.2513,0.0,0.0,19.932,NORMAL
819,2026-06-16 18:45:00,7.638,2.328,6.11,0.173,0.0,0.0,16.478,NORMAL
819,2026-06-16 19:00:00,4.771,1.454,3.817,0.1081,0.0,0.0,13.611,NORMAL
819,2026-06-16 19:15:00,2.702,0.824,2.162,0.0612,0.0,0.0,11.542,NORMAL
819,2026-06-16 19:30:00,1.388,0.423,1.11,0.0314,0.0,0.0,10.228,NORMAL
819,2026-06-16 19:45:00,0.647,0.197,0.518,0.0147,0.0,0.0,9.487,NORMAL
819,2026-06-16 20:00:00,0.273,0.083,0.218,0.0062,0.0,0.0,9.113,NORMAL
819,2026-06-16 20:15:00,0.105,0.032,0.084,0.0024,0.0,0.0,8.945,NORMAL
819,2026-06-16 20:30:00,0.036,0.011,0.029,0.0008,0.0,0.0,8.876,NORMAL
819,2026-06-16 20:45:00,0.011,0.003,0.009,0.0003,0.0,0.0,8.851,NORMAL
819,2026-06-16 21:00:00,0.003,0.001,0.002,0.0001,0.0,0.0,8.843,NORMAL
820,2026-06-16 15:00:00,0.065,0.02,0.052,0.0015,0.0,0.0,11.935,NORMAL
820,2026-06-16 15:15:00,0.175,0.053,0.14,0.004,0.0,0.0,12.045,NORMAL
820,2026-06-16 15:30:00,0.429,0.131,0.343,0.0097,0.0,0.0,12.299,NORMAL
820,2026-06-16 15:45:00,0.954,0.291,0.763,0.0216,0.0,0.0,12.824,NORMAL
820,2026-06-16 16:00:00,1.924,0.586,1.539,0.0436,0.0,0.0,13.794,NORMAL
820,2026-06-16 16:15:00,3.518,1.072,2.814,0.0797,0.0,0.0,15.388,NORMAL
820,2026-06-16 16:30:00,5.834,1.778,4.667,0.1322,0.0,0.0,17.704,NORMAL
820,2026-06-16 16:45:00,8.775,2.675,7.02,0.1988,0.0,0.0,20.645,NORMAL
820,2026-06-16 17:00:00,11.971,3.649,9.577,0.2712,0.0,0.0,23.841,NORMAL
820,2026-06-16 17:15:00,14.811,4.514,11.849,0.3355,0.0,0.0,26.681,NORMAL
820,2026-06-16 17:30:00,16.62,5.066,13.296,0.3765,0.0,0.0,28.49,HIGH
820,2026-06-16 17:45:00,16.915,5.156,13.532,0.3832,0.0,0.0,28.785,HIGH
820,2026-06-16 18:00:00,15.613,4.759,12.49,0.3537,0.0,0.0,27.483,NORMAL
820,2026-06-16 18:15:00,13.071,3.984,10.457,0.2961,0.0,0.0,24.941,NORMAL
820,2026-06-16 18:30:00,9.925,3.025,7.94,0.2248,0.0,0.0,21.795,NORMAL
820,2026-06-16 18:45:00,6.834,2.083,5.467,0.1548,0.0,0.0,18.704,NORMAL
820,2026-06-16 19:00:00,4.268,1.301,3.414,0.0967,0.0,0.0,16.138,NORMAL
820,2026-06-16 19:15:00,2.418,0.737,1.934,0.0548,0.0,0.0,14.288,NORMAL
820,2026-06-16 19:30:00,1.242,0.379,0.994,0.0281,0.0,0.0,13.112,NORMAL
820,2026-06-16 19:45:00,0.579,0.176,0.463,0.0131,0.0,0.0,12.449,NORMAL
820,2026-06-16 20:00:00,0.245,0.075,0.196,0.0056,0.0,0.0,12.115,NORMAL
820,2026-06-16 20:15:00,0.094,0.029,0.075,0.0021,0.0,0.0,11.964,NORMAL
820,2026-06-16 20:30:00,0.033,0.01,0.026,0.0007,0.0,0.0,11.903,NORMAL
820,2026-06-16 20:45:00,0.01,0.003,0.008,0.0002,0.0,0.0,11.88,NORMAL
820,2026-06-16 21:00:00,0.003,0.001,0.002,0.0001,0.0,0.0,11.873,NORMAL
821,2026-06-16 15:00:00,0.034,0.01,0.027,0.0008,0.0,0.0,30.304,NORMAL
821,2026-06-16 15:15:00,0.093,0.028,0.074,0.0021,0.0,0.0,30.363,NORMAL
821,2026-06-16 15:30:00,0.227,0.069,0.182,0.0052,0.0,0.0,30.497,NORMAL
821,2026-06-16 15:45:00,0.505,0.154,0.404,0.0114,0.0,0.0,30.775,NORMAL
821,2026-06-16 16:00:00,1.019,0.311,0.815,0.0231,0.0,0.0,31.289,NORMAL
821,2026-06-16 16:15:00,1.862,0.568,1.49,0.0422,0.0,0.0,32.132,NORMAL
821,2026-06-16 16:30:00,3.089,0.942,2.471,0.07,0.0,0.0,33.359,NORMAL
821,2026-06-16 16:45:00,4.646,1.416,3.717,0.1053,0.0,0.0,34.916,NORMAL
821,2026-06-16 17:00:00,6.338,1.932,5.07,0.1436,0.0,0.0,36.608,NORMAL
821,2026-06-16 17:15:00,7.841,2.39,6.273,0.1776,0.0,0.0,38.111,NORMAL
821,2026-06-16 17:30:00,8.799,2.682,7.039,0.1993,0.0,0.0,39.069,NORMAL
821,2026-06-16 17:45:00,8.955,2.729,7.164,0.2029,0.0,0.0,39.225,NORMAL
821,2026-06-16 18:00:00,8.266,2.519,6.613,0.1873,0.0,0.0,38.536,NORMAL
821,2026-06-16 18:15:00,6.92,2.109,5.536,0.1568,0.0,0.0,37.19,NORMAL
821,2026-06-16 18:30:00,5.254,1.601,4.203,0.119,0.0,0.0,35.524,NORMAL
821,2026-06-16 18:45:00,3.618,1.103,2.894,0.0819,0.0,0.0,33.888,NORMAL
821,2026-06-16 19:00:00,2.26,0.689,1.808,0.0512,0.0,0.0,32.53,NORMAL
821,2026-06-16 19:15:00,1.28,0.39,1.024,0.029,0.0,0.0,31.55,NORMAL
821,2026-06-16 19:30:00,0.658,0.201,0.526,0.0149,0.0,0.0,30.928,NORMAL
821,2026-06-16 19:45:00,0.306,0.093,0.245,0.0069,0.0,0.0,30.576,NORMAL
821,2026-06-16 20:00:00,0.129,0.039,0.103,0.0029,0.0,0.0,30.399,NORMAL
821,2026-06-16 20:15:00,0.05,0.015,0.04,0.0011,0.0,0.0,30.32,NORMAL
821,2026-06-16 20:30:00,0.017,0.005,0.014,0.0004,0.0,0.0,30.287,NORMAL
821,2026-06-16 20:45:00,0.005,0.002,0.004,0.0001,0.0,0.0,30.275,NORMAL
821,2026-06-16 21:00:00,0.002,0.001,0.002,0.0001,0.0,0.0,30.272,NORMAL
822,2026-06-16 15:00:00,0.057,0.017,0.046,0.0013,0.0,0.0,17.987,NORMAL
822,2026-06-16 15:15:00,0.155,0.047,0.124,0.0035,0.0,0.0,18.085,NORMAL
822,2026-06-16 15:30:00,0.379,0.116,0.303,0.0086,0.0,0.0,18.309,NORMAL
822,2026-06-16 15:45:00,0.842,0.257,0.674,0.0191,0.0,0.0,18.772,NORMAL
822,2026-06-16 16:00:00,1.698,0.518,1.358,0.0385,0.0,0.0,19.628,NORMAL
822,2026-06-16 16:15:00,3.104,0.946,2.483,0.0703,0.0,0.0,21.034,NORMAL
822,2026-06-16 16:30:00,5.148,1.569,4.118,0.1166,0.0,0.0,23.078,NORMAL
822,2026-06-16 16:45:00,7.743,2.36,6.194,0.1754,0.0,0.0,25.673,NORMAL
822,2026-06-16 17:00:00,10.563,3.22,8.45,0.2393,0.0,0.0,28.493,NORMAL
822,2026-06-16 17:15:00,13.069,3.983,10.455,0.2961,0.0,0.0,30.999,NORMAL
822,2026-06-16 17:30:00,14.665,4.47,11.732,0.3322,0.0,0.0,32.595,NORMAL
822,2026-06-16 17:45:00,14.925,4.549,11.94,0.3381,0.0,0.0,32.855,NORMAL
822,2026-06-16 18:00:00,13.777,4.199,11.022,0.3121,0.0,0.0,31.707,NORMAL
822,2026-06-16 18:15:00,11.533,3.515,9.226,0.2613,0.0,0.0,29.463,NORMAL
822,2026-06-16 18:30:00,8.757,2.669,7.006,0.1984,0.0,0.0,26.687,NORMAL
822,2026-06-16 18:45:00,6.03,1.838,4.824,0.1366,0.0,0.0,23.96,NORMAL
822,2026-06-16 19:00:00,3.766,1.148,3.013,0.0853,0.0,0.0,21.696,NORMAL
822,2026-06-16 19:15:00,2.133,0.65,1.706,0.0483,0.0,0.0,20.063,NORMAL
822,2026-06-16 19:30:00,1.096,0.334,0.877,0.0248,0.0,0.0,19.026,NORMAL
822,2026-06-16 19:45:00,0.511,0.156,0.409,0.0116,0.0,0.0,18.441,NORMAL
822,2026-06-16 20:00:00,0.216,0.066,0.173,0.0049,0.0,0.0,18.146,NORMAL
822,2026-06-16 20:15:00,0.083,0.025,0.066,0.0019,0.0,0.0,18.013,NORMAL
822,2026-06-16 20:30:00,0.029,0.009,0.023,0.0007,0.0,0.0,17.959,NORMAL
822,2026-06-16 20:45:00,0.009,0.003,0.007,0.0002,0.0,0.0,17.939,NORMAL
822,2026-06-16 21:00:00,0.003,0.001,0.002,0.0001,0.0,0.0,17.933,NORMAL
825,2026-06-16 15:00:00,0.061,0.019,0.049,0.0014,0.0,0.0,15.091,NORMAL
825,2026-06-16 15:15:00,0.165,0.05,0.132,0.0037,0.0,0.0,15.195,NORMAL
825,2026-06-16 15:30:00,0.404,0.123,0.323,0.0091,0.0,0.0,15.434,NORMAL
825,2026-06-16 15:45:00,0.898,0.274,0.718,0.0203,0.0,0.0,15.928,NORMAL
825,2026-06-16 16:00:00,1.811,0.552,1.449,0.041,0.0,0.0,16.841,NORMAL
825,2026-06-16 16:15:00,3.311,1.009,2.649,0.075,0.0,0.0,18.341,NORMAL
825,2026-06-16 16:30:00,5.491,1.674,4.393,0.1244,0.0,0.0,20.521,NORMAL
825,2026-06-16 16:45:00,8.259,2.517,6.607,0.1871,0.0,0.0,23.289,NORMAL
825,2026-06-16 17:00:00,11.267,3.434,9.014,0.2552,0.0,0.0,26.297,NORMAL
825,2026-06-16 17:15:00,13.94,4.249,11.152,0.3158,0.0,0.0,28.97,NORMAL
825,2026-06-16 17:30:00,15.643,4.768,12.514,0.3544,0.0,0.0,30.673,NORMAL
825,2026-06-16 17:45:00,15.92,4.852,12.736,0.3606,0.0,0.0,30.95,NORMAL
825,2026-06-16 18:00:00,14.695,4.479,11.756,0.3329,0.0,0.0,29.725,NORMAL
825,2026-06-16 18:15:00,12.302,3.75,9.842,0.2787,0.0,0.0,27.332,NORMAL
825,2026-06-16 18:30:00,9.341,2.847,7.473,0.2116,0.0,0.0,24.371,NORMAL
825,2026-06-16 18:45:00,6.432,1.96,5.146,0.1457,0.0,0.0,21.462,NORMAL
825,2026-06-16 19:00:00,4.017,1.224,3.214,0.091,0.0,0.0,19.047,NORMAL
825,2026-06-16 19:15:00,2.276,0.694,1.821,0.0516,0.0,0.0,17.306,NORMAL
825,2026-06-16 19:30:00,1.169,0.356,0.935,0.0265,0.0,0.0,16.199,NORMAL
825,2026-06-16 19:45:00,0.545,0.166,0.436,0.0123,0.0,0.0,15.575,NORMAL
825,2026-06-16 20:00:00,0.23,0.07,0.184,0.0052,0.0,0.0,15.26,NORMAL
825,2026-06-16 20:15:00,0.088,0.027,0.07,0.002,0.0,0.0,15.118,NORMAL
825,2026-06-16 20:30:00,0.031,0.009,0.025,0.0007,0.0,0.0,15.061,NORMAL
825,2026-06-16 20:45:00,0.01,0.003,0.008,0.0002,0.0,0.0,15.04,NORMAL
825,2026-06-16 21:00:00,0.003,0.001,0.002,0.0001,0.0,0.0,15.033,NORMAL
826,2026-06-16 15:00:00,0.034,0.01,0.027,0.0008,0.0,0.0,30.794,NORMAL
826,2026-06-16 15:15:00,0.093,0.028,0.074,0.0021,0.0,0.0,30.853,NORMAL
826,2026-06-16 15:30:00,0.227,0.069,0.182,0.0052,0.0,0.0,30.987,NORMAL
826,2026-06-16 15:45:00,0.505,0.154,0.404,0.0114,0.0,0.0,31.265,NORMAL
826,2026-06-16 16:00:00,1.019,0.311,0.815,0.0231,0.0,0.0,31.779,NORMAL
826,2026-06-16 16:15:00,1.862,0.568,1.49,0.0422,0.0,0.0,32.622,NORMAL
826,2026-06-16 16:30:00,3.089,0.942,2.471,0.07,0.0,0.0,33.849,NORMAL
826,2026-06-16 16:45:00,4.646,1.416,3.717,0.1053,0.0,0.0,35.406,NORMAL
826,2026-06-16 17:00:00,6.338,1.932,5.07,0.1436,0.0,0.0,37.098,NORMAL
826,2026-06-16 17:15:00,7.841,2.39,6.273,0.1776,0.0,0.0,38.601,NORMAL
826,2026-06-16 17:30:00,8.799,2.682,7.039,0.1993,0.0,0.0,39.559,NORMAL
826,2026-06-16 17:45:00,8.955,2.729,7.164,0.2029,0.0,0.0,39.715,NORMAL
826,2026-06-16 18:00:00,8.266,2.519,6.613,0.1873,0.0,0.0,39.026,NORMAL
826,2026-06-16 18:15:00,6.92,2.109,5.536,0.1568,0.0,0.0,37.68,NORMAL
826,2026-06-16 18:30:00,5.254,1.601,4.203,0.119,0.0,0.0,36.014,NORMAL
826,2026-06-16 18:45:00,3.618,1.103,2.894,0.0819,0.0,0.0,34.378,NORMAL
826,2026-06-16 19:00:00,2.26,0.689,1.808,0.0512,0.0,0.0,33.02,NORMAL
826,2026-06-16 19:15:00,1.28,0.39,1.024,0.029,0.0,0.0,32.04,NORMAL
826,2026-06-16 19:30:00,0.658,0.201,0.526,0.0149,0.0,0.0,31.418,NORMAL
826,2026-06-16 19:45:00,0.306,0.093,0.245,0.0069,0.0,0.0,31.066,NORMAL
826,2026-06-16 20:00:00,0.129,0.039,0.103,0.0029,0.0,0.0,30.889,NORMAL
826,2026-06-16 20:15:00,0.05,0.015,0.04,0.0011,0.0,0.0,30.81,NORMAL
826,2026-06-16 20:30:00,0.017,0.005,0.014,0.0004,0.0,0.0,30.777,NORMAL
826,2026-06-16 20:45:00,0.005,0.002,0.004,0.0001,0.0,0.0,30.765,NORMAL
826,2026-06-16 21:00:00,0.002,0.001,0.002,0.0001,0.0,0.0,30.762,NORMAL
827,2026-06-16 15:00:00,0.027,0.008,0.022,0.0006,0.0,0.0,35.337,NORMAL
827,2026-06-16 15:15:00,0.072,0.022,0.058,0.0016,0.0,0.0,35.382,NORMAL
827,2026-06-16 15:30:00,0.177,0.054,0.142,0.004,0.0,0.0,35.487,NORMAL
827,2026-06-16 15:45:00,0.393,0.12,0.314,0.0089,0.0,0.0,35.703,NORMAL
827,2026-06-16 16:00:00,0.792,0.241,0.634,0.018,0.0,0.0,36.102,NORMAL
827,2026-06-16 16:15:00,1.449,0.442,1.159,0.0328,0.0,0.0,36.759,NORMAL
827,2026-06-16 16:30:00,2.402,0.732,1.922,0.0544,0.0,0.0,37.712,NORMAL
827,2026-06-16 16:45:00,3.613,1.101,2.89,0.0818,0.0,0.0,38.923,NORMAL
827,2026-06-16 17:00:00,4.929,1.502,3.943,0.1117,0.0,0.0,40.239,NORMAL
827,2026-06-16 17:15:00,6.099,1.859,4.879,0.1382,0.0,0.0,41.409,NORMAL
827,2026-06-16 17:30:00,6.844,2.086,5.475,0.155,0.0,0.0,42.154,NORMAL
827,2026-06-16 17:45:00,6.965,2.123,5.572,0.1578,0.0,0.0,42.275,NORMAL
827,2026-06-16 18:00:00,6.429,1.96,5.143,0.1456,0.0,0.0,41.739,NORMAL
827,2026-06-16 18:15:00,5.382,1.64,4.306,0.1219,0.0,0.0,40.692,NORMAL
827,2026-06-16 18:30:00,4.087,1.246,3.27,0.0926,0.0,0.0,39.397,NORMAL
827,2026-06-16 18:45:00,2.814,0.858,2.251,0.0637,0.0,0.0,38.124,NORMAL
827,2026-06-16 19:00:00,1.758,0.536,1.406,0.0398,0.0,0.0,37.068,NORMAL
827,2026-06-16 19:15:00,0.996,0.304,0.797,0.0226,0.0,0.0,36.306,NORMAL
827,2026-06-16 19:30:00,0.511,0.156,0.409,0.0116,0.0,0.0,35.821,NORMAL
827,2026-06-16 19:45:00,0.238,0.073,0.19,0.0054,0.0,0.0,35.548,NORMAL
827,2026-06-16 20:00:00,0.101,0.031,0.081,0.0023,0.0,0.0,35.411,NORMAL
827,2026-06-16 20:15:00,0.039,0.012,0.031,0.0009,0.0,0.0,35.349,NORMAL
827,2026-06-16 20:30:00,0.013,0.004,0.01,0.0003,0.0,0.0,35.323,NORMAL
827,2026-06-16 20:45:00,0.004,0.001,0.003,0.0001,0.0,0.0,35.314,NORMAL
827,2026-06-16 21:00:00,0.001,0.0,0.001,0.0,0.0,0.0,35.311,NORMAL
828,2026-06-16 15:00:00,0.061,0.019,0.049,0.0014,0.0,0.0,15.551,NORMAL
828,2026-06-16 15:15:00,0.165,0.05,0.132,0.0037,0.0,0.0,15.655,NORMAL
828,2026-06-16 15:30:00,0.404,0.123,0.323,0.0091,0.0,0.0,15.894,NORMAL
828,2026-06-16 15:45:00,0.898,0.274,0.718,0.0203,0.0,0.0,16.388,NORMAL
828,2026-06-16 16:00:00,1.811,0.552,1.449,0.041,0.0,0.0,17.301,NORMAL
828,2026-06-16 16:15:00,3.311,1.009,2.649,0.075,0.0,0.0,18.801,NORMAL
828,2026-06-16 16:30:00,5.491,1.674,4.393,0.1244,0.0,0.0,20.981,NORMAL
828,2026-06-16 16:45:00,8.259,2.517,6.607,0.1871,0.0,0.0,23.749,NORMAL
828,2026-06-16 17:00:00,11.267,3.434,9.014,0.2552,0.0,0.0,26.757,NORMAL
828,2026-06-16 17:15:00,13.94,4.249,11.152,0.3158,0.0,0.0,29.43,NORMAL
828,2026-06-16 17:30:00,15.643,4.768,12.514,0.3544,0.0,0.0,31.133,NORMAL
828,2026-06-16 17:45:00,15.92,4.852,12.736,0.3606,0.0,0.0,31.41,NORMAL
828,2026-06-16 18:00:00,14.695,4.479,11.756,0.3329,0.0,0.0,30.185,NORMAL
828,2026-06-16 18:15:00,12.302,3.75,9.842,0.2787,0.0,0.0,27.792,NORMAL
828,2026-06-16 18:30:00,9.341,2.847,7.473,0.2116,0.0,0.0,24.831,NORMAL
828,2026-06-16 18:45:00,6.432,1.96,5.146,0.1457,0.0,0.0,21.922,NORMAL
828,2026-06-16 19:00:00,4.017,1.224,3.214,0.091,0.0,0.0,19.507,NORMAL
828,2026-06-16 19:15:00,2.276,0.694,1.821,0.0516,0.0,0.0,17.766,NORMAL
828,2026-06-16 19:30:00,1.169,0.356,0.935,0.0265,0.0,0.0,16.659,NORMAL
828,2026-06-16 19:45:00,0.545,0.166,0.436,0.0123,0.0,0.0,16.035,NORMAL
828,2026-06-16 20:00:00,0.23,0.07,0.184,0.0052,0.0,0.0,15.72,NORMAL
828,2026-06-16 20:15:00,0.088,0.027,0.07,0.002,0.0,0.0,15.578,NORMAL
828,2026-06-16 20:30:00,0.031,0.009,0.025,0.0007,0.0,0.0,15.521,NORMAL
828,2026-06-16 20:45:00,0.01,0.003,0.008,0.0002,0.0,0.0,15.5,NORMAL
828,2026-06-16 21:00:00,0.003,0.001,0.002,0.0001,0.0,0.0,15.493,NORMAL
829,2026-06-16 15:00:00,0.05,0.015,0.04,0.0011,0.0,0.0,19.63,NORMAL
829,2026-06-16 15:15:00,0.134,0.041,0.107,0.003,0.0,0.0,19.714,NORMAL
829,2026-06-16 15:30:00,0.328,0.1,0.262,0.0074,0.0,0.0,19.908,NORMAL
829,2026-06-16 15:45:00,0.73,0.223,0.584,0.0165,0.0,0.0,20.31,NORMAL
829,2026-06-16 16:00:00,1.471,0.448,1.177,0.0333,0.0,0.0,21.051,NORMAL
829,2026-06-16 16:15:00,2.69,0.82,2.152,0.0609,0.0,0.0,22.27,NORMAL
829,2026-06-16 16:30:00,4.462,1.36,3.57,0.1011,0.0,0.0,24.042,NORMAL
829,2026-06-16 16:45:00,6.711,2.046,5.369,0.152,0.0,0.0,26.291,NORMAL
829,2026-06-16 17:00:00,9.155,2.79,7.324,0.2074,0.0,0.0,28.735,NORMAL
829,2026-06-16 17:15:00,11.326,3.452,9.061,0.2566,0.0,0.0,30.906,NORMAL
829,2026-06-16 17:30:00,12.71,3.874,10.168,0.2879,0.0,0.0,32.29,NORMAL
829,2026-06-16 17:45:00,12.935,3.943,10.348,0.293,0.0,0.0,32.515,NORMAL
829,2026-06-16 18:00:00,11.94,3.639,9.552,0.2705,0.0,0.0,31.52,NORMAL
829,2026-06-16 18:15:00,9.996,3.047,7.997,0.2264,0.0,0.0,29.576,NORMAL
829,2026-06-16 18:30:00,7.589,2.313,6.071,0.1719,0.0,0.0,27.169,NORMAL
829,2026-06-16 18:45:00,5.226,1.593,4.181,0.1184,0.0,0.0,24.806,NORMAL
829,2026-06-16 19:00:00,3.264,0.995,2.611,0.0739,0.0,0.0,22.844,NORMAL
829,2026-06-16 19:15:00,1.849,0.564,1.479,0.0419,0.0,0.0,21.429,NORMAL
829,2026-06-16 19:30:00,0.95,0.29,0.76,0.0215,0.0,0.0,20.53,NORMAL
829,2026-06-16 19:45:00,0.443,0.135,0.354,0.01,0.0,0.0,20.023,NORMAL
829,2026-06-16 20:00:00,0.187,0.057,0.15,0.0042,0.0,0.0,19.767,NORMAL
829,2026-06-16 20:15:00,0.072,0.022,0.058,0.0016,0.0,0.0,19.652,NORMAL
829,2026-06-16 20:30:00,0.025,0.008,0.02,0.0006,0.0,0.0,19.605,NORMAL
829,2026-06-16 20:45:00,0.008,0.002,0.006,0.0002,0.0,0.0,19.588,NORMAL
829,2026-06-16 21:00:00,0.002,0.001,0.002,0.0001,0.0,0.0,19.582,NORMAL
906,2026-06-16 15:00:00,0.065,0.02,0.052,0.0015,0.0,0.0,12.375,NORMAL
906,2026-06-16 15:15:00,0.175,0.053,0.14,0.004,0.0,0.0,12.485,NORMAL
906,2026-06-16 15:30:00,0.429,0.131,0.343,0.0097,0.0,0.0,12.739,NORMAL
906,2026-06-16 15:45:00,0.954,0.291,0.763,0.0216,0.0,0.0,13.264,NORMAL
906,2026-06-16 16:00:00,1.924,0.586,1.539,0.0436,0.0,0.0,14.234,NORMAL
906,2026-06-16 16:15:00,3.518,1.072,2.814,0.0797,0.0,0.0,15.828,NORMAL
906,2026-06-16 16:30:00,5.834,1.778,4.667,0.1322,0.0,0.0,18.144,NORMAL
906,2026-06-16 16:45:00,8.775,2.675,7.02,0.1988,0.0,0.0,21.085,NORMAL
906,2026-06-16 17:00:00,11.971,3.649,9.577,0.2712,0.0,0.0,24.281,NORMAL
906,2026-06-16 17:15:00,14.811,4.514,11.849,0.3355,0.0,0.0,27.121,NORMAL
906,2026-06-16 17:30:00,16.62,5.066,13.296,0.3765,0.0,0.0,28.93,HIGH
906,2026-06-16 17:45:00,16.915,5.156,13.532,0.3832,0.0,0.0,29.225,HIGH
906,2026-06-16 18:00:00,15.613,4.759,12.49,0.3537,0.0,0.0,27.923,NORMAL
906,2026-06-16 18:15:00,13.071,3.984,10.457,0.2961,0.0,0.0,25.381,NORMAL
906,2026-06-16 18:30:00,9.925,3.025,7.94,0.2248,0.0,0.0,22.235,NORMAL
906,2026-06-16 18:45:00,6.834,2.083,5.467,0.1548,0.0,0.0,19.144,NORMAL
906,2026-06-16 19:00:00,4.268,1.301,3.414,0.0967,0.0,0.0,16.578,NORMAL
906,2026-06-16 19:15:00,2.418,0.737,1.934,0.0548,0.0,0.0,14.728,NORMAL
906,2026-06-16 19:30:00,1.242,0.379,0.994,0.0281,0.0,0.0,13.552,NORMAL
906,2026-06-16 19:45:00,0.579,0.176,0.463,0.0131,0.0,0.0,12.889,NORMAL
906,2026-06-16 20:00:00,0.245,0.075,0.196,0.0056,0.0,0.0,12.555,NORMAL
906,2026-06-16 20:15:00,0.094,0.029,0.075,0.0021,0.0,0.0,12.404,NORMAL
906,2026-06-16 20:30:00,0.033,0.01,0.026,0.0007,0.0,0.0,12.343,NORMAL
906,2026-06-16 20:45:00,0.01,0.003,0.008,0.0002,0.0,0.0,12.32,NORMAL
906,2026-06-16 21:00:00,0.003,0.001,0.002,0.0001,0.0,0.0,12.313,NORMAL
907,2026-06-16 15:00:00,0.057,0.017,0.046,0.0013,0.0,0.0,17.577,NORMAL
907,2026-06-16 15:15:00,0.155,0.047,0.124,0.0035,0.0,0.0,17.675,NORMAL
907,2026-06-16 15:30:00,0.379,0.116,0.303,0.0086,0.0,0.0,17.899,NORMAL
907,2026-06-16 15:45:00,0.842,0.257,0.674,0.0191,0.0,0.0,18.362,NORMAL
907,2026-06-16 16:00:00,1.698,0.518,1.358,0.0385,0.0,0.0,19.218,NORMAL
907,2026-06-16 16:15:00,3.104,0.946,2.483,0.0703,0.0,0.0,20.624,NORMAL
907,2026-06-16 16:30:00,5.148,1.569,4.118,0.1166,0.0,0.0,22.668,NORMAL
907,2026-06-16 16:45:00,7.743,2.36,6.194,0.1754,0.0,0.0,25.263,NORMAL
907,2026-06-16 17:00:00,10.563,3.22,8.45,0.2393,0.0,0.0,28.083,NORMAL
907,2026-06-16 17:15:00,13.069,3.983,10.455,0.2961,0.0,0.0,30.589,NORMAL
907,2026-06-16 17:30:00,14.665,4.47,11.732,0.3322,0.0,0.0,32.185,NORMAL
907,2026-06-16 17:45:00,14.925,4.549,11.94,0.3381,0.0,0.0,32.445,NORMAL
907,2026-06-16 18:00:00,13.777,4.199,11.022,0.3121,0.0,0.0,31.297,NORMAL
907,2026-06-16 18:15:00,11.533,3.515,9.226,0.2613,0.0,0.0,29.053,NORMAL
907,2026-06-16 18:30:00,8.757,2.669,7.006,0.1984,0.0,0.0,26.277,NORMAL
907,2026-06-16 18:45:00,6.03,1.838,4.824,0.1366,0.0,0.0,23.55,NORMAL
907,2026-06-16 19:00:00,3.766,1.148,3.013,0.0853,0.0,0.0,21.286,NORMAL
907,2026-06-16 19:15:00,2.133,0.65,1.706,0.0483,0.0,0.0,19.653,NORMAL
907,2026-06-16 19:30:00,1.096,0.334,0.877,0.0248,0.0,0.0,18.616,NORMAL
907,2026-06-16 19:45:00,0.511,0.156,0.409,0.0116,0.0,0.0,18.031,NORMAL
907,2026-06-16 20:00:00,0.216,0.066,0.173,0.0049,0.0,0.0,17.736,NORMAL
907,2026-06-16 20:15:00,0.083,0.025,0.066,0.0019,0.0,0.0,17.603,NORMAL
907,2026-06-16 20:30:00,0.029,0.009,0.023,0.0007,0.0,0.0,17.549,NORMAL
907,2026-06-16 20:45:00,0.009,0.003,0.007,0.0002,0.0,0.0,17.529,NORMAL
907,2026-06-16 21:00:00,0.003,0.001,0.002,0.0001,0.0,0.0,17.523,NORMAL
908,2026-06-16 15:00:00,0.01,0.003,0.008,0.0002,0.0,0.0,126.73,NORMAL
908,2026-06-16 15:15:00,0.026,0.008,0.021,0.0006,0.0,0.0,126.746,NORMAL
908,2026-06-16 15:30:00,0.063,0.019,0.05,0.0014,0.0,0.0,126.783,NORMAL
908,2026-06-16 15:45:00,0.14,0.043,0.112,0.0032,0.0,0.0,126.86,NORMAL
908,2026-06-16 16:00:00,0.283,0.086,0.226,0.0064,0.0,0.0,127.003,NORMAL
908,2026-06-16 16:15:00,0.517,0.158,0.414,0.0117,0.0,0.0,127.237,NORMAL
908,2026-06-16 16:30:00,0.858,0.262,0.686,0.0194,0.0,0.0,127.578,NORMAL
908,2026-06-16 16:45:00,1.291,0.393,1.033,0.0293,0.0,0.0,128.011,NORMAL
908,2026-06-16 17:00:00,1.76,0.536,1.408,0.0399,0.0,0.0,128.48,NORMAL
908,2026-06-16 17:15:00,2.178,0.664,1.742,0.0493,0.0,0.0,128.898,NORMAL
908,2026-06-16 17:30:00,2.444,0.745,1.955,0.0554,0.0,0.0,129.164,NORMAL
908,2026-06-16 17:45:00,2.488,0.758,1.99,0.0564,0.0,0.0,129.208,NORMAL
908,2026-06-16 18:00:00,2.296,0.7,1.837,0.052,0.0,0.0,129.016,NORMAL
908,2026-06-16 18:15:00,1.922,0.586,1.538,0.0436,0.0,0.0,128.642,NORMAL
908,2026-06-16 18:30:00,1.459,0.445,1.167,0.033,0.0,0.0,128.179,NORMAL
908,2026-06-16 18:45:00,1.005,0.306,0.804,0.0228,0.0,0.0,127.725,NORMAL
908,2026-06-16 19:00:00,0.628,0.191,0.502,0.0142,0.0,0.0,127.348,NORMAL
908,2026-06-16 19:15:00,0.356,0.109,0.285,0.0081,0.0,0.0,127.076,NORMAL
908,2026-06-16 19:30:00,0.183,0.056,0.146,0.0041,0.0,0.0,126.903,NORMAL
908,2026-06-16 19:45:00,0.085,0.026,0.068,0.0019,0.0,0.0,126.805,NORMAL
908,2026-06-16 20:00:00,0.036,0.011,0.029,0.0008,0.0,0.0,126.756,NORMAL
908,2026-06-16 20:15:00,0.014,0.004,0.011,0.0003,0.0,0.0,126.734,NORMAL
908,2026-06-16 20:30:00,0.005,0.002,0.004,0.0001,0.0,0.0,126.725,NORMAL
908,2026-06-16 20:45:00,0.002,0.001,0.002,0.0001,0.0,0.0,126.722,NORMAL
908,2026-06-16 21:00:00,0.0,0.0,0.0,0.0,0.0,0.0,126.72,NORMAL
909,2026-06-16 15:00:00,0.008,0.002,0.006,0.0002,0.0,0.0,129.788,NORMAL
909,2026-06-16 15:15:00,0.021,0.006,0.017,0.0005,0.0,0.0,129.801,NORMAL
909,2026-06-16 15:30:00,0.051,0.016,0.041,0.0012,0.0,0.0,129.831,NORMAL
909,2026-06-16 15:45:00,0.112,0.034,0.09,0.0025,0.0,0.0,129.892,NORMAL
909,2026-06-16 16:00:00,0.226,0.069,0.181,0.0051,0.0,0.0,130.006,NORMAL
909,2026-06-16 16:15:00,0.414,0.126,0.331,0.0094,0.0,0.0,130.194,NORMAL
909,2026-06-16 16:30:00,0.686,0.209,0.549,0.0155,0.0,0.0,130.466,NORMAL
909,2026-06-16 16:45:00,1.032,0.315,0.826,0.0234,0.0,0.0,130.812,NORMAL
909,2026-06-16 17:00:00,1.408,0.429,1.126,0.0319,0.0,0.0,131.188,NORMAL
909,2026-06-16 17:15:00,1.743,0.531,1.394,0.0395,0.0,0.0,131.523,NORMAL
909,2026-06-16 17:30:00,1.955,0.596,1.564,0.0443,0.0,0.0,131.735,NORMAL
909,2026-06-16 17:45:00,1.99,0.607,1.592,0.0451,0.0,0.0,131.77,NORMAL
909,2026-06-16 18:00:00,1.837,0.56,1.47,0.0416,0.0,0.0,131.617,NORMAL
909,2026-06-16 18:15:00,1.538,0.469,1.23,0.0348,0.0,0.0,131.318,NORMAL
909,2026-06-16 18:30:00,1.168,0.356,0.934,0.0264,0.0,0.0,130.948,NORMAL
909,2026-06-16 18:45:00,0.804,0.245,0.643,0.0182,0.0,0.0,130.584,NORMAL
909,2026-06-16 19:00:00,0.502,0.153,0.402,0.0114,0.0,0.0,130.282,NORMAL
909,2026-06-16 19:15:00,0.284,0.087,0.227,0.0064,0.0,0.0,130.064,NORMAL
909,2026-06-16 19:30:00,0.146,0.045,0.117,0.0033,0.0,0.0,129.926,NORMAL
909,2026-06-16 19:45:00,0.068,0.021,0.054,0.0015,0.0,0.0,129.848,NORMAL
909,2026-06-16 20:00:00,0.029,0.009,0.023,0.0007,0.0,0.0,129.809,NORMAL
909,2026-06-16 20:15:00,0.011,0.003,0.009,0.0003,0.0,0.0,129.791,NORMAL
909,2026-06-16 20:30:00,0.004,0.001,0.003,0.0001,0.0,0.0,129.784,NORMAL
909,2026-06-16 20:45:00,0.001,0.0,0.001,0.0,0.0,0.0,129.781,NORMAL
909,2026-06-16 21:00:00,0.0,0.0,0.0,0.0,0.0,0.0,129.78,NORMAL
910,2026-06-16 15:00:00,0.008,0.002,0.006,0.0002,0.0,0.0,133.658,NORMAL
910,2026-06-16 15:15:00,0.021,0.006,0.017,0.0005,0.0,0.0,133.671,NORMAL
910,2026-06-16 15:30:00,0.051,0.016,0.041,0.0012,0.0,0.0,133.701,NORMAL
910,2026-06-16 15:45:00,0.112,0.034,0.09,0.0025,0.0,0.0,133.762,NORMAL
910,2026-06-16 16:00:00,0.226,0.069,0.181,0.0051,0.0,0.0,133.876,NORMAL
910,2026-06-16 16:15:00,0.414,0.126,0.331,0.0094,0.0,0.0,134.064,NORMAL
910,2026-06-16 16:30:00,0.686,0.209,0.549,0.0155,0.0,0.0,134.336,NORMAL
910,2026-06-16 16:45:00,1.032,0.315,0.826,0.0234,0.0,0.0,134.682,NORMAL
910,2026-06-16 17:00:00,1.408,0.429,1.126,0.0319,0.0,0.0,135.058,NORMAL
910,2026-06-16 17:15:00,1.743,0.531,1.394,0.0395,0.0,0.0,135.393,NORMAL
910,2026-06-16 17:30:00,1.955,0.596,1.564,0.0443,0.0,0.0,135.605,NORMAL
910,2026-06-16 17:45:00,1.99,0.607,1.592,0.0451,0.0,0.0,135.64,NORMAL
910,2026-06-16 18:00:00,1.837,0.56,1.47,0.0416,0.0,0.0,135.487,NORMAL
910,2026-06-16 18:15:00,1.538,0.469,1.23,0.0348,0.0,0.0,135.188,NORMAL
910,2026-06-16 18:30:00,1.168,0.356,0.934,0.0264,0.0,0.0,134.818,NORMAL
910,2026-06-16 18:45:00,0.804,0.245,0.643,0.0182,0.0,0.0,134.454,NORMAL
910,2026-06-16 19:00:00,0.502,0.153,0.402,0.0114,0.0,0.0,134.152,NORMAL
910,2026-06-16 19:15:00,0.284,0.087,0.227,0.0064,0.0,0.0,133.934,NORMAL
910,2026-06-16 19:30:00,0.146,0.045,0.117,0.0033,0.0,0.0,133.796,NORMAL
910,2026-06-16 19:45:00,0.068,0.021,0.054,0.0015,0.0,0.0,133.718,NORMAL
910,2026-06-16 20:00:00,0.029,0.009,0.023,0.0007,0.0,0.0,133.679,NORMAL
910,2026-06-16 20:15:00,0.011,0.003,0.009,0.0003,0.0,0.0,133.661,NORMAL
910,2026-06-16 20:30:00,0.004,0.001,0.003,0.0001,0.0,0.0,133.654,NORMAL
910,2026-06-16 20:45:00,0.001,0.0,0.001,0.0,0.0,0.0,133.651,NORMAL
910,2026-06-16 21:00:00,0.0,0.0,0.0,0.0,0.0,0.0,133.65,NORMAL
921,2026-06-16 15:00:00,0.042,0.013,0.034,0.001,0.0,0.0,22.852,NORMAL
921,2026-06-16 15:15:00,0.113,0.034,0.09,0.0025,0.0,0.0,22.923,NORMAL
921,2026-06-16 15:30:00,0.278,0.085,0.222,0.0063,0.0,0.0,23.088,NORMAL
921,2026-06-16 15:45:00,0.617,0.188,0.494,0.014,0.0,0.0,23.427,NORMAL
921,2026-06-16 16:00:00,1.245,0.379,0.996,0.0282,0.0,0.0,24.055,NORMAL
921,2026-06-16 16:15:00,2.276,0.694,1.821,0.0516,0.0,0.0,25.086,NORMAL
921,2026-06-16 16:30:00,3.775,1.151,3.02,0.0855,0.0,0.0,26.585,NORMAL
921,2026-06-16 16:45:00,5.678,1.731,4.542,0.1286,0.0,0.0,28.488,NORMAL
921,2026-06-16 17:00:00,7.746,2.361,6.197,0.1755,0.0,0.0,30.556,NORMAL
921,2026-06-16 17:15:00,9.584,2.921,7.667,0.2171,0.0,0.0,32.394,NORMAL
921,2026-06-16 17:30:00,10.754,3.278,8.603,0.2436,0.0,0.0,33.564,NORMAL
921,2026-06-16 17:45:00,10.945,3.336,8.756,0.2479,0.0,0.0,33.755,NORMAL
921,2026-06-16 18:00:00,10.103,3.079,8.082,0.2289,0.0,0.0,32.913,NORMAL
921,2026-06-16 18:15:00,8.458,2.578,6.766,0.1916,0.0,0.0,31.268,NORMAL
921,2026-06-16 18:30:00,6.422,1.957,5.138,0.1455,0.0,0.0,29.232,NORMAL
921,2026-06-16 18:45:00,4.422,1.348,3.538,0.1002,0.0,0.0,27.232,NORMAL
921,2026-06-16 19:00:00,2.762,0.842,2.21,0.0626,0.0,0.0,25.572,NORMAL
921,2026-06-16 19:15:00,1.565,0.477,1.252,0.0355,0.0,0.0,24.375,NORMAL
921,2026-06-16 19:30:00,0.804,0.245,0.643,0.0182,0.0,0.0,23.614,NORMAL
921,2026-06-16 19:45:00,0.375,0.114,0.3,0.0085,0.0,0.0,23.185,NORMAL
921,2026-06-16 20:00:00,0.158,0.048,0.126,0.0036,0.0,0.0,22.968,NORMAL
921,2026-06-16 20:15:00,0.061,0.019,0.049,0.0014,0.0,0.0,22.871,NORMAL
921,2026-06-16 20:30:00,0.021,0.006,0.017,0.0005,0.0,0.0,22.831,NORMAL
921,2026-06-16 20:45:00,0.007,0.002,0.006,0.0002,0.0,0.0,22.817,NORMAL
921,2026-06-16 21:00:00,0.002,0.001,0.002,0.0001,0.0,0.0,22.812,NORMAL
922,2026-06-16 15:00:00,0.065,0.02,0.052,0.0015,0.0,0.0,12.765,NORMAL
922,2026-06-16 15:15:00,0.175,0.053,0.14,0.004,0.0,0.0,12.875,NORMAL
922,2026-06-16 15:30:00,0.429,0.131,0.343,0.0097,0.0,0.0,13.129,NORMAL
922,2026-06-16 15:45:00,0.954,0.291,0.763,0.0216,0.0,0.0,13.654,NORMAL
922,2026-06-16 16:00:00,1.924,0.586,1.539,0.0436,0.0,0.0,14.624,NORMAL
922,2026-06-16 16:15:00,3.518,1.072,2.814,0.0797,0.0,0.0,16.218,NORMAL
922,2026-06-16 16:30:00,5.834,1.778,4.667,0.1322,0.0,0.0,18.534,NORMAL
922,2026-06-16 16:45:00,8.775,2.675,7.02,0.1988,0.0,0.0,21.475,NORMAL
922,2026-06-16 17:00:00,11.971,3.649,9.577,0.2712,0.0,0.0,24.671,NORMAL
922,2026-06-16 17:15:00,14.811,4.514,11.849,0.3355,0.0,0.0,27.511,NORMAL
922,2026-06-16 17:30:00,16.62,5.066,13.296,0.3765,0.0,0.0,29.32,HIGH
922,2026-06-16 17:45:00,16.915,5.156,13.532,0.3832,0.0,0.0,29.615,HIGH
922,2026-06-16 18:00:00,15.613,4.759,12.49,0.3537,0.0,0.0,28.313,NORMAL
922,2026-06-16 18:15:00,13.071,3.984,10.457,0.2961,0.0,0.0,25.771,NORMAL
922,2026-06-16 18:30:00,9.925,3.025,7.94,0.2248,0.0,0.0,22.625,NORMAL
922,2026-06-16 18:45:00,6.834,2.083,5.467,0.1548,0.0,0.0,19.534,NORMAL
922,2026-06-16 19:00:00,4.268,1.301,3.414,0.0967,0.0,0.0,16.968,NORMAL
922,2026-06-16 19:15:00,2.418,0.737,1.934,0.0548,0.0,0.0,15.118,NORMAL
922,2026-06-16 19:30:00,1.242,0.379,0.994,0.0281,0.0,0.0,13.942,NORMAL
922,2026-06-16 19:45:00,0.579,0.176,0.463,0.0131,0.0,0.0,13.279,NORMAL
922,2026-06-16 20:00:00,0.245,0.075,0.196,0.0056,0.0,0.0,12.945,NORMAL
922,2026-06-16 20:15:00,0.094,0.029,0.075,0.0021,0.0,0.0,12.794,NORMAL
922,2026-06-16 20:30:00,0.033,0.01,0.026,0.0007,0.0,0.0,12.733,NORMAL
922,2026-06-16 20:45:00,0.01,0.003,0.008,0.0002,0.0,0.0,12.71,NORMAL
922,2026-06-16 21:00:00,0.003,0.001,0.002,0.0001,0.0,0.0,12.703,NORMAL
926,2026-06-16 15:00:00,0.072,0.022,0.058,0.0016,0.0,0.0,8.922,NORMAL
926,2026-06-16 15:15:00,0.196,0.06,0.157,0.0044,0.0,0.0,9.046,NORMAL
926,2026-06-16 15:30:00,0.48,0.146,0.384,0.0109,0.0,0.0,9.33,NORMAL
926,2026-06-16 15:45:00,1.067,0.325,0.854,0.0242,0.0,0.0,9.917,NORMAL
926,2026-06-16 16:00:00,2.15,0.655,1.72,0.0487,0.0,0.0,11.0,NORMAL
926,2026-06-16 16:15:00,3.932,1.198,3.146,0.0891,0.0,0.0,12.782,NORMAL
926,2026-06-16 16:30:00,6.521,1.988,5.217,0.1477,0.0,0.0,15.371,NORMAL
926,2026-06-16 16:45:00,9.808,2.989,7.846,0.2222,0.0,0.0,18.658,NORMAL
926,2026-06-16 17:00:00,13.38,4.078,10.704,0.3031,0.0,0.0,22.23,NORMAL
926,2026-06-16 17:15:00,16.554,5.046,13.243,0.375,0.0,0.0,25.404,HIGH
926,2026-06-16 17:30:00,18.576,5.662,14.861,0.4208,0.0,0.0,27.426,HIGH
926,2026-06-16 17:45:00,18.905,5.762,15.124,0.4283,0.0,0.0,27.755,HIGH
926,2026-06-16 18:00:00,17.45,5.319,13.96,0.3953,0.0,0.0,26.3,HIGH
926,2026-06-16 18:15:00,14.609,4.453,11.687,0.3309,0.0,0.0,23.459,NORMAL
926,2026-06-16 18:30:00,11.092,3.381,8.874,0.2513,0.0,0.0,19.942,NORMAL
926,2026-06-16 18:45:00,7.638,2.328,6.11,0.173,0.0,0.0,16.488,NORMAL
926,2026-06-16 19:00:00,4.771,1.454,3.817,0.1081,0.0,0.0,13.621,NORMAL
926,2026-06-16 19:15:00,2.702,0.824,2.162,0.0612,0.0,0.0,11.552,NORMAL
926,2026-06-16 19:30:00,1.388,0.423,1.11,0.0314,0.0,0.0,10.238,NORMAL
926,2026-06-16 19:45:00,0.647,0.197,0.518,0.0147,0.0,0.0,9.497,NORMAL
926,2026-06-16 20:00:00,0.273,0.083,0.218,0.0062,0.0,0.0,9.123,NORMAL
926,2026-06-16 20:15:00,0.105,0.032,0.084,0.0024,0.0,0.0,8.955,NORMAL
926,2026-06-16 20:30:00,0.036,0.011,0.029,0.0008,0.0,0.0,8.886,NORMAL
926,2026-06-16 20:45:00,0.011,0.003,0.009,0.0003,0.0,0.0,8.861,NORMAL
926,2026-06-16 21:00:00,0.003,0.001,0.002,0.0001,0.0,0.0,8.853,NORMAL
927,2026-06-16 15:00:00,0.042,0.013,0.034,0.001,0.0,0.0,24.702,NORMAL
927,2026-06-16 15:15:00,0.113,0.034,0.09,0.0025,0.0,0.0,24.773,NORMAL
927,2026-06-16 15:30:00,0.278,0.085,0.222,0.0063,0.0,0.0,24.938,NORMAL
927,2026-06-16 15:45:00,0.617,0.188,0.494,0.014,0.0,0.0,25.277,NORMAL
927,2026-06-16 16:00:00,1.245,0.379,0.996,0.0282,0.0,0.0,25.905,NORMAL
927,2026-06-16 16:15:00,2.276,0.694,1.821,0.0516,0.0,0.0,26.936,NORMAL
927,2026-06-16 16:30:00,3.775,1.151,3.02,0.0855,0.0,0.0,28.435,NORMAL
927,2026-06-16 16:45:00,5.678,1.731,4.542,0.1286,0.0,0.0,30.338,NORMAL
927,2026-06-16 17:00:00,7.746,2.361,6.197,0.1755,0.0,0.0,32.406,NORMAL
927,2026-06-16 17:15:00,9.584,2.921,7.667,0.2171,0.0,0.0,34.244,NORMAL
927,2026-06-16 17:30:00,10.754,3.278,8.603,0.2436,0.0,0.0,35.414,NORMAL
927,2026-06-16 17:45:00,10.945,3.336,8.756,0.2479,0.0,0.0,35.605,NORMAL
927,2026-06-16 18:00:00,10.103,3.079,8.082,0.2289,0.0,0.0,34.763,NORMAL
927,2026-06-16 18:15:00,8.458,2.578,6.766,0.1916,0.0,0.0,33.118,NORMAL
927,2026-06-16 18:30:00,6.422,1.957,5.138,0.1455,0.0,0.0,31.082,NORMAL
927,2026-06-16 18:45:00,4.422,1.348,3.538,0.1002,0.0,0.0,29.082,NORMAL
927,2026-06-16 19:00:00,2.762,0.842,2.21,0.0626,0.0,0.0,27.422,NORMAL
927,2026-06-16 19:15:00,1.565,0.477,1.252,0.0355,0.0,0.0,26.225,NORMAL
927,2026-06-16 19:30:00,0.804,0.245,0.643,0.0182,0.0,0.0,25.464,NORMAL
927,2026-06-16 19:45:00,0.375,0.114,0.3,0.0085,0.0,0.0,25.035,NORMAL
927,2026-06-16 20:00:00,0.158,0.048,0.126,0.0036,0.0,0.0,24.818,NORMAL
927,2026-06-16 20:15:00,0.061,0.019,0.049,0.0014,0.0,0.0,24.721,NORMAL
927,2026-06-16 20:30:00,0.021,0.006,0.017,0.0005,0.0,0.0,24.681,NORMAL
927,2026-06-16 20:45:00,0.007,0.002,0.006,0.0002,0.0,0.0,24.667,NORMAL
927,2026-06-16 21:00:00,0.002,0.001,0.002,0.0001,0.0,0.0,24.662,NORMAL
928,2026-06-16 15:00:00,0.08,0.024,0.064,0.0018,0.0,0.0,7.66,NORMAL
928,2026-06-16 15:15:00,0.216,0.066,0.173,0.0049,0.0,0.0,7.796,NORMAL
928,2026-06-16 15:30:00,0.53,0.162,0.424,0.012,0.0,0.0,8.11,NORMAL
928,2026-06-16 15:45:00,1.179,0.359,0.943,0.0267,0.0,0.0,8.759,NORMAL
928,2026-06-16 16:00:00,2.377,0.725,1.902,0.0539,0.0,0.0,9.957,NORMAL
928,2026-06-16 16:15:00,4.346,1.325,3.477,0.0985,0.0,0.0,11.926,NORMAL
928,2026-06-16 16:30:00,7.207,2.197,5.766,0.1633,0.0,0.0,14.787,NORMAL
928,2026-06-16 16:45:00,10.84,3.304,8.672,0.2456,0.0,0.0,18.42,NORMAL
928,2026-06-16 17:00:00,14.788,4.507,11.83,0.335,0.0,0.0,22.368,NORMAL
928,2026-06-16 17:15:00,18.297,5.577,14.638,0.4145,0.0,0.0,25.877,HIGH
928,2026-06-16 17:30:00,20.531,6.258,16.425,0.4651,1.593,0.0451,28.111,FLOODING
928,2026-06-16 17:45:00,20.895,6.369,16.716,0.4733,2.685,0.076,28.475,FLOODING
928,2026-06-16 18:00:00,19.287,5.879,15.43,0.4369,0.0,0.0,26.867,HIGH
928,2026-06-16 18:15:00,16.147,4.922,12.918,0.3658,0.0,0.0,23.727,HIGH
928,2026-06-16 18:30:00,12.26,3.737,9.808,0.2777,0.0,0.0,19.84,NORMAL
928,2026-06-16 18:45:00,8.442,2.573,6.754,0.1913,0.0,0.0,16.022,NORMAL
928,2026-06-16 19:00:00,5.273,1.607,4.218,0.1194,0.0,0.0,12.853,NORMAL
928,2026-06-16 19:15:00,2.987,0.91,2.39,0.0677,0.0,0.0,10.567,NORMAL
928,2026-06-16 19:30:00,1.534,0.468,1.227,0.0347,0.0,0.0,9.114,NORMAL
928,2026-06-16 19:45:00,0.715,0.218,0.572,0.0162,0.0,0.0,8.295,NORMAL
928,2026-06-16 20:00:00,0.302,0.092,0.242,0.0069,0.0,0.0,7.882,NORMAL
928,2026-06-16 20:15:00,0.116,0.035,0.093,0.0026,0.0,0.0,7.696,NORMAL
928,2026-06-16 20:30:00,0.04,0.012,0.032,0.0009,0.0,0.0,7.62,NORMAL
928,2026-06-16 20:45:00,0.013,0.004,0.01,0.0003,0.0,0.0,7.593,NORMAL
928,2026-06-16 21:00:00,0.004,0.001,0.003,0.0001,0.0,0.0,7.584,NORMAL
930,2026-06-16 15:00:00,0.057,0.017,0.046,0.0013,0.0,0.0,16.817,NORMAL
930,2026-06-16 15:15:00,0.155,0.047,0.124,0.0035,0.0,0.0,16.915,NORMAL
930,2026-06-16 15:30:00,0.379,0.116,0.303,0.0086,0.0,0.0,17.139,NORMAL
930,2026-06-16 15:45:00,0.842,0.257,0.674,0.0191,0.0,0.0,17.602,NORMAL
930,2026-06-16 16:00:00,1.698,0.518,1.358,0.0385,0.0,0.0,18.458,NORMAL
930,2026-06-16 16:15:00,3.104,0.946,2.483,0.0703,0.0,0.0,19.864,NORMAL
930,2026-06-16 16:30:00,5.148,1.569,4.118,0.1166,0.0,0.0,21.908,NORMAL
930,2026-06-16 16:45:00,7.743,2.36,6.194,0.1754,0.0,0.0,24.503,NORMAL
930,2026-06-16 17:00:00,10.563,3.22,8.45,0.2393,0.0,0.0,27.323,NORMAL
930,2026-06-16 17:15:00,13.069,3.983,10.455,0.2961,0.0,0.0,29.829,NORMAL
930,2026-06-16 17:30:00,14.665,4.47,11.732,0.3322,0.0,0.0,31.425,NORMAL
930,2026-06-16 17:45:00,14.925,4.549,11.94,0.3381,0.0,0.0,31.685,NORMAL
930,2026-06-16 18:00:00,13.777,4.199,11.022,0.3121,0.0,0.0,30.537,NORMAL
930,2026-06-16 18:15:00,11.533,3.515,9.226,0.2613,0.0,0.0,28.293,NORMAL
930,2026-06-16 18:30:00,8.757,2.669,7.006,0.1984,0.0,0.0,25.517,NORMAL
930,2026-06-16 18:45:00,6.03,1.838,4.824,0.1366,0.0,0.0,22.79,NORMAL
930,2026-06-16 19:00:00,3.766,1.148,3.013,0.0853,0.0,0.0,20.526,NORMAL
930,2026-06-16 19:15:00,2.133,0.65,1.706,0.0483,0.0,0.0,18.893,NORMAL
930,2026-06-16 19:30:00,1.096,0.334,0.877,0.0248,0.0,0.0,17.856,NORMAL
930,2026-06-16 19:45:00,0.511,0.156,0.409,0.0116,0.0,0.0,17.271,NORMAL
930,2026-06-16 20:00:00,0.216,0.066,0.173,0.0049,0.0,0.0,16.976,NORMAL
930,2026-06-16 20:15:00,0.083,0.025,0.066,0.0019,0.0,0.0,16.843,NORMAL
930,2026-06-16 20:30:00,0.029,0.009,0.023,0.0007,0.0,0.0,16.789,NORMAL
930,2026-06-16 20:45:00,0.009,0.003,0.007,0.0002,0.0,0.0,16.769,NORMAL
930,2026-06-16 21:00:00,0.003,0.001,0.002,0.0001,0.0,0.0,16.763,NORMAL
